1305031910.765238 0.000000000 0.000000000 0.000000000 0.000000000 0.000000000 0.000000000 1.000000000
1305031910.797230 -0.009342375 -0.001602315 0.002100478 0.003917051 -0.003172384 -0.007725002 0.999957442
1305031910.835208 -0.013195314 -0.006887903 0.008075326 0.003737950 -0.010302689 -0.012891349 0.999856830
1305031910.865025 -0.026414579 -0.004445930 0.013380911 0.007298064 -0.015020383 -0.022038674 0.999617636
1305031910.897222 -0.031151401 -0.009280398 0.020477636 0.006690865 -0.024767963 -0.031254333 0.999182165
1305031910.935211 -0.030334046 -0.020791089 0.027253600 0.006808424 -0.032446500 -0.037585534 0.998743296
1305031910.965249 -0.045113582 -0.021719109 0.029360432 0.013090638 -0.035107844 -0.040935483 0.998458982
1305031910.997325 -0.056978542 -0.013232474 0.033657901 0.017012976 -0.043268714 -0.049784493 0.997677267
1305031911.035050 -0.069689319 -0.019430963 0.035636429 0.013426059 -0.052554265 -0.059675615 0.996743023
1305031911.065269 -0.083365060 -0.016496716 0.039999038 0.014915768 -0.067593478 -0.068993635 0.995212793
1305031911.097196 -0.089143559 -0.023777733 0.046560545 0.011584709 -0.087139033 -0.079683319 0.992936611
1305031911.135664 -0.093223050 -0.032013927 0.042791605 0.012470406 -0.101974428 -0.093160100 0.990336776
1305031911.165177 -0.101148836 -0.031114625 0.045477554 0.017393472 -0.114624664 -0.100407839 0.988168478
1305031911.197213 -0.105869345 -0.031669486 0.047423221 0.019480554 -0.127123028 -0.106786013 0.985929489
1305031911.235651 -0.115175590 -0.035669155 0.049975470 0.020875886 -0.137494594 -0.113358676 0.983772993
1305031911.265104 -0.119857743 -0.030926108 0.054274984 0.024539147 -0.149324387 -0.123052426 0.980794668
1305031911.297334 -0.124911346 -0.033887494 0.059496898 0.024632618 -0.158909082 -0.130541906 0.978314877
1305031911.333191 -0.131580859 -0.036616426 0.061362784 0.026676165 -0.168698385 -0.136612579 0.975790024
1305031911.365235 -0.129906952 -0.040251575 0.071715154 0.029477317 -0.178650379 -0.142258957 0.973127663
1305031911.397333 -0.142404169 -0.044935104 0.071293600 0.032446396 -0.181196705 -0.147248700 0.971819341
1305031911.433256 -0.150520697 -0.043478936 0.072638862 0.037149109 -0.187381729 -0.149841219 0.970080256
1305031911.465250 -0.159169972 -0.046604384 0.072693057 0.037689991 -0.195011020 -0.149408653 0.968621373
1305031911.497291 -0.171644092 -0.047018565 0.072411232 0.039898328 -0.204571366 -0.150141388 0.966445208
1305031911.533251 -0.173946783 -0.047374647 0.079152532 0.042172171 -0.217041045 -0.151156411 0.963465869
1305031911.565335 -0.188154429 -0.053970527 0.077140994 0.042254739 -0.223918706 -0.151365906 0.961854100
1305031911.597302 -0.197109997 -0.053186689 0.078456663 0.048176758 -0.235668287 -0.152726382 0.958547950
1305031911.633337 -0.193860978 -0.049775291 0.087245122 0.053206913 -0.249552876 -0.159372568 0.953673303
1305031911.665124 -0.200766325 -0.047355291 0.093224458 0.056122340 -0.258268625 -0.167044818 0.949865043
1305031911.697167 -0.200423688 -0.039883316 0.098124117 0.059555545 -0.268565029 -0.175332591 0.945295930
1305031911.733203 -0.200218201 -0.036939915 0.105517738 0.060743444 -0.277742773 -0.183947384 0.940921128
1305031911.765284 -0.202307254 -0.033210360 0.111284971 0.061107792 -0.284946531 -0.193313777 0.936857045
1305031911.797297 -0.207024395 -0.027873542 0.117394015 0.061101370 -0.289633542 -0.200911283 0.933816731
1305031911.833338 -0.216085091 -0.023079054 0.116291985 0.058027077 -0.293075532 -0.207758382 0.931437612
1305031911.865269 -0.225622326 -0.022717720 0.112261705 0.052097306 -0.298874766 -0.214012101 0.928524971
1305031911.897159 -0.226790443 -0.023007175 0.119182840 0.046395928 -0.309294224 -0.218704760 0.924311996
1305031911.933063 -0.231176496 -0.025583763 0.120853260 0.038759142 -0.320361912 -0.225031272 0.919362247
1305031911.965140 -0.243676171 -0.019891422 0.107479088 0.031764895 -0.329077661 -0.231263980 0.914995015
1305031911.997252 -0.246792778 -0.014820708 0.109598175 0.024513004 -0.345490813 -0.237343028 0.907581091
1305031912.033135 -0.242281526 -0.016443655 0.118899852 0.014504327 -0.361540854 -0.240156278 0.900779009
1305031912.065365 -0.239657849 -0.021919828 0.125449896 0.006186139 -0.373986006 -0.243021965 0.895006418
1305031912.096953 -0.234947413 -0.021272186 0.134025425 0.002584481 -0.383671045 -0.247506768 0.889679849
1305031912.133282 -0.235730156 -0.025516916 0.135274857 0.001002258 -0.388788819 -0.257002443 0.884755313
1305031912.165138 -0.234706610 -0.028496355 0.141232356 0.004578058 -0.395761371 -0.268408358 0.878241956
1305031912.197357 -0.233191624 -0.029800186 0.142061532 0.007745039 -0.399194926 -0.281025708 0.872701526
1305031912.233265 -0.230634734 -0.028182536 0.146323815 0.013753482 -0.402146369 -0.292179883 0.867594421
1305031912.265090 -0.235275105 -0.037268803 0.144336954 0.015519259 -0.402676493 -0.300857782 0.864346802
1305031912.297250 -0.235116392 -0.048357964 0.148654193 0.023152070 -0.407550126 -0.304617226 0.860566795
1305031912.333274 -0.230914474 -0.044793501 0.147132516 0.035674870 -0.412180126 -0.305193156 0.857724905
1305031912.365250 -0.227956936 -0.044236049 0.146236554 0.041357335 -0.415646493 -0.305108845 0.855824888
1305031912.397198 -0.229327470 -0.039056364 0.143470570 0.047440335 -0.420804530 -0.307266802 0.852208972
1305031912.433290 -0.220519081 -0.033633519 0.144064888 0.051543742 -0.428753108 -0.312873662 0.845945716
1305031912.465142 -0.220444053 -0.039102867 0.141437411 0.050928820 -0.435155332 -0.320066810 0.840001941
1305031912.497123 -0.213642523 -0.038063906 0.147044778 0.050029214 -0.442223132 -0.326493293 0.833869219
1305031912.533113 -0.213210911 -0.037649091 0.149344444 0.046275377 -0.445575923 -0.330599993 0.830677092
1305031912.565146 -0.211858734 -0.043246586 0.146790653 0.040467151 -0.450653017 -0.332258403 0.827573955
1305031912.597090 -0.208791465 -0.047917105 0.152181491 0.034358047 -0.456566542 -0.332319468 0.824578881
1305031912.633132 -0.206642628 -0.049987949 0.152072221 0.032002352 -0.459945112 -0.333915472 0.822147667
1305031912.665220 -0.205520630 -0.053342495 0.147576377 0.027930237 -0.463175535 -0.338173449 0.818735003
1305031912.697182 -0.206798702 -0.056480046 0.147298127 0.024299314 -0.469181180 -0.343983442 0.812990785
1305031912.733125 -0.202816650 -0.054375835 0.152708083 0.023813944 -0.477913767 -0.351572365 0.804629266
1305031912.765193 -0.200697914 -0.056578130 0.159539551 0.023739615 -0.483513147 -0.357823163 0.798507392
1305031912.797155 -0.194870993 -0.052346468 0.165141359 0.025813671 -0.485026538 -0.360969335 0.796105564
1305031912.833077 -0.192730591 -0.055839289 0.166668043 0.024697002 -0.483262450 -0.363833457 0.795910001
1305031912.865153 -0.194288775 -0.057695236 0.167863339 0.025455995 -0.479678899 -0.366039336 0.797041655
1305031912.897198 -0.190884039 -0.059102509 0.176964566 0.028876249 -0.478020847 -0.366522074 0.797699094
1305031912.933115 -0.189128056 -0.056974735 0.172143951 0.031075343 -0.471335888 -0.364244699 0.802622318
1305031912.965034 -0.192755967 -0.062407590 0.170486704 0.033753645 -0.468120635 -0.364933699 0.804081619
1305031912.997049 -0.188140556 -0.062673986 0.170404762 0.041021924 -0.464889318 -0.365050107 0.805564165
1305031913.033133 -0.187914565 -0.063125886 0.171114057 0.044442769 -0.462262303 -0.362227321 0.808164477
1305031913.065209 -0.181429714 -0.066015355 0.168573722 0.046209764 -0.460919291 -0.357477695 0.810942531
1305031913.097038 -0.176288784 -0.067112617 0.172214538 0.047851518 -0.458162040 -0.348936558 0.816113412
1305031913.133146 -0.168508098 -0.071939990 0.180414006 0.048513528 -0.453289479 -0.338255823 0.823260665
1305031913.165211 -0.163479537 -0.076823048 0.184278443 0.048868626 -0.444624871 -0.326242566 0.832758248
1305031913.197113 -0.162272647 -0.068169877 0.183727399 0.051711101 -0.433276385 -0.311598629 0.844099402
1305031913.233126 -0.162123218 -0.069199257 0.189867750 0.051755212 -0.423844308 -0.296950370 0.854106486
1305031913.265022 -0.159215957 -0.069343224 0.194410145 0.051078431 -0.413434684 -0.279181749 0.865170717
1305031913.297160 -0.148317382 -0.075563885 0.201396465 0.049893335 -0.403323740 -0.262321025 0.875230432
1305031913.333122 -0.148171604 -0.069750197 0.204958081 0.052376825 -0.388284951 -0.246800318 0.886330128
1305031913.365070 -0.144580096 -0.077112585 0.200232387 0.050494179 -0.375231415 -0.236465827 0.894838333
1305031913.397099 -0.132756472 -0.076357283 0.210016847 0.053405762 -0.365589738 -0.225971341 0.901348412
1305031913.433081 -0.110999167 -0.077637114 0.230035439 0.058295131 -0.358022243 -0.215533838 0.906623900
1305031913.465231 -0.094075389 -0.071586534 0.250587583 0.065208420 -0.343021214 -0.200798392 0.915294647
1305031913.497227 -0.090074822 -0.068330109 0.236221343 0.065869480 -0.312575758 -0.183102474 0.929747880
1305031913.533297 -0.086138144 -0.068722799 0.223549381 0.064080700 -0.285178691 -0.165151045 0.941961765
1305031913.565261 -0.077140301 -0.071683548 0.224792019 0.063101314 -0.263796538 -0.151651978 0.950490057
1305031913.597139 -0.063199185 -0.075110830 0.222574875 0.065000549 -0.244285882 -0.137669161 0.957677722
1305031913.633293 -0.069987714 -0.057631508 0.214487806 0.071938850 -0.215465412 -0.125048280 0.965796232
1305031913.665421 -0.052762624 -0.049333401 0.209463045 0.070242651 -0.195540950 -0.109572515 0.972020388
1305031913.697243 -0.051149864 -0.048526559 0.206549749 0.064308561 -0.171699464 -0.092406541 0.978695452
1305031913.733097 -0.042196874 -0.047424886 0.194291636 0.057528377 -0.148338243 -0.077308819 0.984230459
1305031913.765028 -0.038478047 -0.043402728 0.183821663 0.049695533 -0.124661244 -0.062340762 0.988991141
1305031913.797106 -0.034322329 -0.038862556 0.179024369 0.042030398 -0.104995497 -0.047149632 0.992464781
1305031913.833143 -0.022669893 -0.039514367 0.171678960 0.033528801 -0.088482194 -0.033719245 0.994942069
1305031913.865063 -0.013822268 -0.037010904 0.168083563 0.029894011 -0.071593828 -0.016476832 0.996849597
1305031913.897116 -0.006548249 -0.030995268 0.163874522 0.026479358 -0.054603800 0.000291868 0.998156905
1305031913.933123 0.001200368 -0.027897755 0.145579904 0.022784015 -0.038958956 0.015629224 0.998858750
1305031913.965134 0.013405141 -0.024185125 0.141481772 0.023227505 -0.028269242 0.026363345 0.998982608
1305031913.997116 0.021558408 -0.013897431 0.135876119 0.023081988 -0.014741383 0.038520057 0.998882473
1305031914.033441 0.034076359 -0.013722774 0.125742927 0.021417959 -0.002617858 0.055966321 0.998199463
1305031914.065072 0.050051309 -0.006592008 0.112232439 0.022217564 0.008193840 0.069417104 0.997306645
1305031914.097126 0.058215376 -0.002609384 0.101727694 0.020319872 0.022298004 0.078485392 0.996458709
1305031914.133245 0.077455088 0.000874658 0.092108391 0.018912710 0.031141328 0.090296596 0.995248199
1305031914.165013 0.093667977 0.007092678 0.086232074 0.020591823 0.040745288 0.100256711 0.993913651
1305031914.197110 0.106889881 0.015156784 0.077266082 0.022864472 0.051297806 0.106255069 0.992751539
1305031914.233108 0.139682487 0.004123229 0.058429938 0.019256359 0.058474358 0.114386082 0.991526961
1305031914.265074 0.152879223 0.013551805 0.052674539 0.029550271 0.073691197 0.118081763 0.989824772
1305031914.297165 0.164666340 0.027108867 0.044184931 0.037888337 0.086290233 0.117511749 0.988589644
1305031914.333148 0.176038459 0.047314271 0.036779273 0.040924858 0.093868509 0.115203194 0.988049626
1305031914.365058 0.186634675 0.058915298 0.029634945 0.036872979 0.097430319 0.113012254 0.988117397
1305031914.397215 0.199103788 0.060378194 0.021962468 0.028149959 0.097576484 0.112351768 0.988465250
1305031914.433060 0.226145416 0.070422687 0.011749837 0.024234328 0.092918947 0.112160213 0.989039361
1305031914.465054 0.252968729 0.078482643 -0.001988911 0.019748937 0.088971987 0.111284055 0.989600837
1305031914.497127 0.275910020 0.087707318 -0.010531453 0.016286127 0.089146942 0.107123189 0.990107179
1305031914.533107 0.292666495 0.096546300 -0.021963516 0.012480594 0.091944307 0.103064433 0.990337431
1305031914.565001 0.312908232 0.103756055 -0.032398783 0.009968963 0.091419689 0.099691793 0.990759611
1305031914.597122 0.334481031 0.119908243 -0.043253575 0.009218232 0.091511607 0.095731892 0.991148889
1305031914.633055 0.349976927 0.128724471 -0.050018813 0.003466482 0.095191322 0.090663254 0.991315663
1305031914.665019 0.375518739 0.137706161 -0.059870169 -0.002319593 0.096524812 0.088800706 0.991358697
1305031914.697129 0.392533511 0.137868002 -0.068635322 -0.008669742 0.101662584 0.088446155 0.990841508
1305031914.733078 0.410025448 0.147460788 -0.075424470 -0.007607584 0.105236076 0.085277863 0.990754843
1305031914.764901 0.422439873 0.159984753 -0.079165243 -0.008912747 0.110213436 0.083545677 0.990350306
1305031914.797119 0.434828281 0.162012696 -0.087415382 -0.015285603 0.110901907 0.083682925 0.990183949
1305031914.833133 0.453048259 0.161471844 -0.094489187 -0.019206246 0.107369438 0.083176911 0.990547597
1305031914.865128 0.466468960 0.165762797 -0.099582002 -0.019512383 0.104377434 0.079512827 0.991162121
1305031914.897188 0.484734356 0.168714747 -0.107392617 -0.020206755 0.098240107 0.077717751 0.991917610
1305031914.933099 0.499089628 0.166528732 -0.113635078 -0.019140286 0.092900783 0.076212630 0.992569745
1305031914.964978 0.520490527 0.172929227 -0.121343143 -0.014558198 0.084085599 0.071553893 0.993779480
1305031914.997078 0.541043222 0.183152601 -0.127120078 -0.011407902 0.079162210 0.069823802 0.994347930
1305031915.033152 0.557257831 0.183884114 -0.133312821 -0.011890750 0.075519308 0.069829650 0.994625211
1305031915.065009 0.578358829 0.189387009 -0.142058074 -0.009887176 0.070100151 0.068624757 0.995127559
1305031915.097024 0.594660997 0.189647958 -0.148675442 -0.009916436 0.067683086 0.064889193 0.995545089
1305031915.133208 0.614982069 0.188165426 -0.154920354 -0.008542618 0.064160533 0.056099743 0.996324897
1305031915.165021 0.636050463 0.188857615 -0.161236301 -0.004381089 0.061283495 0.046120252 0.997044623
1305031915.197108 0.653056085 0.192676529 -0.166512668 0.003386914 0.057610914 0.034262754 0.997745275
1305031915.233111 0.674205124 0.206450164 -0.170191869 0.011771364 0.051429357 0.024764815 0.998300135
1305031915.264979 0.691658497 0.206674233 -0.173661128 0.012043178 0.046293423 0.016287556 0.998722494
1305031915.297152 0.704618573 0.209084183 -0.175870165 0.013865126 0.039418027 0.009375895 0.999082625
1305031915.333207 0.723401248 0.204256952 -0.182653561 0.011926457 0.027137987 0.003286700 0.999555171
1305031915.365050 0.744076490 0.203482375 -0.185296550 0.011987799 0.014600788 -0.003817607 0.999814272
1305031915.397167 0.761853993 0.204836369 -0.188350722 0.012189798 0.003848984 -0.012499429 0.999840200
1305031915.432960 0.783466876 0.193688914 -0.192494422 0.008612200 -0.008892655 -0.022792384 0.999663591
1305031915.464920 0.804264069 0.199180230 -0.193410352 0.013338071 -0.021645203 -0.039142210 0.998910129
1305031915.497121 0.819713891 0.204803422 -0.195673868 0.014280614 -0.033789314 -0.054546233 0.997837186
1305031915.533058 0.841657698 0.197618172 -0.197019532 0.009555172 -0.048067298 -0.065652989 0.996638298
1305031915.564985 0.869917095 0.188889310 -0.201422170 0.008258468 -0.061195783 -0.078469843 0.995002151
1305031915.601161 0.895572424 0.186442032 -0.202863127 0.009260603 -0.067084990 -0.091149047 0.993531942
1305031915.633062 0.918012440 0.182855591 -0.203037366 0.009696963 -0.067487769 -0.100609720 0.992587030
1305031915.665003 0.932142496 0.173248976 -0.206241459 0.009579059 -0.065954484 -0.107057571 0.992016613
1305031915.701106 0.946309388 0.173890904 -0.207682177 0.013943068 -0.067462169 -0.111920416 0.991326511
1305031915.733046 0.952594221 0.178091481 -0.206911057 0.015772134 -0.071955077 -0.115055531 0.990624011
1305031915.765010 0.965056479 0.184551597 -0.206916884 0.014481573 -0.085796915 -0.120610327 0.988879323
1305031915.801243 0.981501341 0.172554269 -0.205376297 0.007780108 -0.103153437 -0.126085103 0.986611068
1305031915.833049 1.004263520 0.168405995 -0.203755230 0.008602612 -0.121944979 -0.134299576 0.983371258
1305031915.865069 1.024852157 0.174135357 -0.200056389 0.009266416 -0.137856632 -0.144954488 0.979743779
1305031915.901234 1.041750669 0.170459196 -0.196278900 0.005914663 -0.151151404 -0.154754281 0.976303935
1305031915.933056 1.065308452 0.167167068 -0.189728126 0.001947311 -0.164722756 -0.163860112 0.972631693
1305031915.965061 1.082151055 0.153823286 -0.184768677 -0.002555908 -0.173222199 -0.170271859 0.970048964
1305031916.001234 1.101954937 0.155430421 -0.180985242 -0.000692247 -0.179820403 -0.177433446 0.967564762
1305031916.033043 1.118042588 0.146812767 -0.175190210 -0.004365203 -0.185107261 -0.188296437 0.964500248
1305031916.065060 1.128632307 0.112912223 -0.171195477 -0.006317619 -0.191024080 -0.196369812 0.961721778
1305031916.101115 1.138603568 0.101639368 -0.172128752 0.010598481 -0.198949888 -0.202960417 0.958704174
1305031916.133093 1.151392221 0.094501749 -0.175696656 0.030676797 -0.211811841 -0.205654100 0.954935133
1305031916.165155 1.170467019 0.106880277 -0.179240793 0.058486067 -0.228444323 -0.208625406 0.949140668
1305031916.201031 1.189249635 0.122566760 -0.182680815 0.074108601 -0.246136621 -0.210963875 0.943090081
1305031916.233050 1.214001417 0.099651888 -0.169154972 0.075931273 -0.267665744 -0.212055117 0.936814904
1305031916.265060 1.236337543 0.086116821 -0.168738738 0.089051031 -0.281402856 -0.218261048 0.930185139
1305031916.301076 1.257390380 0.084022082 -0.165316373 0.103947438 -0.291068256 -0.225002229 0.924039066
1305031916.333426 1.271158218 0.067097440 -0.167554364 0.116309531 -0.296714425 -0.229599953 0.919628441
1305031916.365121 1.287283659 0.060054492 -0.165411592 0.137197897 -0.299477249 -0.236091435 0.914194107
1305031916.401006 1.310503364 0.050274823 -0.165590391 0.155016318 -0.300098389 -0.238740996 0.910446942
1305031916.433168 1.319739461 0.044610802 -0.167950824 0.169851646 -0.299420297 -0.235268444 0.908926129
1305031916.465124 1.327464104 0.035140824 -0.176176727 0.182293847 -0.301482469 -0.230575174 0.907034934
1305031916.501025 1.335642457 0.034861088 -0.168697387 0.193955600 -0.309842795 -0.224969223 0.903198481
1305031916.533266 1.346195579 0.027474720 -0.173193291 0.204871207 -0.321858823 -0.221054971 0.897535145
1305031916.565142 1.360792756 0.024332164 -0.171149448 0.217272565 -0.336287886 -0.216866195 0.890321374
1305031916.601238 1.368403435 0.020740554 -0.174632668 0.222898349 -0.348179817 -0.215807587 0.884598315
1305031916.633156 1.377670407 0.009472793 -0.163070485 0.229211912 -0.362146735 -0.215766743 0.877357602
1305031916.665139 1.392906666 -0.005809102 -0.153333634 0.234851301 -0.373823702 -0.215301052 0.871060371
1305031916.701048 1.400590420 -0.023069883 -0.144673854 0.241773516 -0.381957352 -0.215634495 0.865537941
1305031916.733056 1.406102777 -0.028009886 -0.141988531 0.249927729 -0.389210463 -0.215541169 0.859996140
1305031916.765076 1.414850473 -0.042088475 -0.133218676 0.255480319 -0.398847610 -0.212226674 0.854757428
1305031916.801088 1.425495267 -0.044113614 -0.119873568 0.263771892 -0.408733934 -0.205801159 0.849121213
1305031916.833266 1.433909655 -0.052032761 -0.109914623 0.271215141 -0.417368829 -0.202471614 0.843356907
1305031916.865085 1.438250303 -0.067814313 -0.100387886 0.275578827 -0.426219881 -0.199537769 0.838199019
1305031916.901017 1.438948274 -0.080410585 -0.093053430 0.281630605 -0.436046332 -0.194591388 0.832275212
1305031916.933088 1.452648520 -0.089438617 -0.088049054 0.287893176 -0.445583642 -0.190153524 0.826083779
1305031916.965054 1.457378983 -0.097842835 -0.084464654 0.294587374 -0.452198654 -0.187444121 0.820730984
1305031917.001132 1.461027026 -0.123227075 -0.080341265 0.298607647 -0.460196406 -0.183898330 0.815618873
1305031917.033155 1.458320379 -0.145125106 -0.082389005 0.307561070 -0.466697991 -0.179479763 0.809559226
1305031917.065136 1.467231512 -0.157497421 -0.074079752 0.321346045 -0.474072158 -0.173840001 0.801106691
1305031917.101130 1.474202514 -0.157795310 -0.060318083 0.338312954 -0.478528440 -0.172752604 0.791651070
1305031917.133106 1.481496692 -0.129652679 -0.004399991 0.362188548 -0.484240800 -0.167161837 0.778708696
1305031917.165045 1.484388709 -0.161780968 -0.022057146 0.374924809 -0.486275494 -0.163504735 0.772161722
1305031917.201175 1.499441981 -0.110568404 0.020345423 0.398068905 -0.488632828 -0.153000385 0.761163592
1305031917.233102 1.508781075 -0.141002744 0.034304168 0.406637728 -0.492720008 -0.148027346 0.754957378
1305031917.265163 1.512602210 -0.160172030 0.037071228 0.414492965 -0.496909976 -0.141144425 0.749235809
1305031917.301107 1.524722099 -0.174186319 0.019126438 0.419892848 -0.500069976 -0.136500254 0.744974971
1305031917.333229 1.537872076 -0.193363667 0.011193172 0.419354171 -0.503933370 -0.136170328 0.742732048
1305031917.365138 1.542597294 -0.195696041 0.014497780 0.418460548 -0.507752180 -0.135648400 0.740728021
1305031917.401065 1.557491899 -0.223923102 -0.003682809 0.410453260 -0.510593235 -0.141875610 0.742087603
1305031917.433141 1.567924738 -0.220359847 -0.002258400 0.403795004 -0.511407614 -0.144176036 0.744731605
1305031917.465076 1.571616650 -0.247667924 -0.037365571 0.388092160 -0.508463144 -0.150866136 0.753716826
1305031917.501158 1.579346180 -0.250132978 -0.009078097 0.375013441 -0.508930624 -0.157561228 0.758636296
1305031917.533057 1.583576083 -0.246453837 0.011744669 0.363182575 -0.507999182 -0.166004583 0.763202310
1305031917.565195 1.595349789 -0.250321746 0.039932229 0.351908952 -0.509366572 -0.176629484 0.765184879
1305031917.601069 1.601245046 -0.243338004 0.047413334 0.340279371 -0.508283436 -0.186171234 0.768894136
1305031917.633090 1.609730840 -0.236343041 0.085849226 0.331351906 -0.510933697 -0.193804890 0.769150436
1305031917.665060 1.621103525 -0.241771653 0.090457395 0.318968683 -0.512089491 -0.202068225 0.771486759
1305031917.701096 1.625387311 -0.226015866 0.111125834 0.308410347 -0.514767170 -0.204789892 0.773277998
1305031917.733003 1.635817528 -0.214219794 0.139954656 0.296497524 -0.519381166 -0.207854152 0.774034321
1305031917.765114 1.646613359 -0.192287773 0.152571186 0.284508377 -0.520932555 -0.213958070 0.775826156
1305031917.801048 1.663054585 -0.205981508 0.157000273 0.262179554 -0.523595452 -0.221356273 0.779814780
1305031917.833090 1.677632570 -0.201861277 0.161366746 0.244727805 -0.524107456 -0.230071500 0.782615304
1305031917.865107 1.688055038 -0.212155700 0.172725827 0.225366116 -0.525565445 -0.240176529 0.784414649
1305031917.901060 1.697617769 -0.217798024 0.177758455 0.207846195 -0.522287846 -0.253695130 0.787181139
1305031917.932948 1.705595493 -0.216184914 0.181695491 0.190692857 -0.518211782 -0.264003277 0.790819168
1305031917.965346 1.708873272 -0.225892827 0.196593210 0.172445312 -0.515745223 -0.274298966 0.793113768
1305031918.001098 1.714102864 -0.233394146 0.211070776 0.156356201 -0.513624966 -0.283764899 0.794493318
1305031918.033144 1.735033274 -0.222182944 0.211870432 0.145198017 -0.509643734 -0.294915199 0.795113683
1305031918.065137 1.724332571 -0.259255379 0.227822661 0.124394678 -0.510388792 -0.309872776 0.792469621
1305031918.101060 1.731861234 -0.266308278 0.233166158 0.115184404 -0.510932922 -0.321050555 0.789054275
1305031918.133054 1.742550135 -0.269254386 0.251849651 0.106059156 -0.513455749 -0.332167685 0.784078658
1305031918.165017 1.751646399 -0.286859483 0.266130716 0.094437532 -0.513079584 -0.342467457 0.781375051
1305031918.201086 1.758077621 -0.290582091 0.278406352 0.087425537 -0.509813249 -0.349483162 0.781222641
1305031918.233042 1.772256851 -0.297802150 0.301714838 0.080006413 -0.509242117 -0.358803123 0.778159261
1305031918.265256 1.781374931 -0.304116488 0.319022655 0.071786717 -0.504799128 -0.368646413 0.777254343
1305031918.301124 1.790317297 -0.304747015 0.340024620 0.065403529 -0.499962538 -0.380265713 0.775343716
1305031918.333165 1.796710134 -0.318647921 0.356224358 0.054393321 -0.493282169 -0.393809438 0.773710668
1305031918.365072 1.806279302 -0.326381594 0.376732647 0.048730295 -0.488113552 -0.402723700 0.772776902
1305031918.401030 1.819616079 -0.340142995 0.400896400 0.039651148 -0.482842296 -0.411554217 0.771954775
1305031918.433043 1.822933197 -0.350342810 0.419923455 0.028005783 -0.473907948 -0.421878248 0.772428453
1305031918.465089 1.831123114 -0.364866346 0.444750667 0.020059979 -0.468144536 -0.429378837 0.772057056
1305031918.501125 1.834613442 -0.374949992 0.461255789 0.017662801 -0.458334535 -0.435673714 0.774471343
1305031918.533134 1.843144894 -0.384871542 0.482334167 0.015215548 -0.452693641 -0.440095037 0.775340736
1305031918.565018 1.848168850 -0.394977570 0.499212533 0.009503729 -0.445944458 -0.444366544 0.776905119
1305031918.601029 1.851047397 -0.408926308 0.523070276 0.005318559 -0.442490369 -0.448066771 0.776794791
1305031918.633027 1.856615901 -0.419922709 0.537299216 0.003086674 -0.439055353 -0.452020377 0.776465356
1305031918.665112 1.858837008 -0.431933135 0.551557899 -0.000714500 -0.436588466 -0.457992405 0.774359703
1305031918.701017 1.862396002 -0.447606474 0.566209078 -0.006398378 -0.436819732 -0.462606192 0.771455169
1305031918.765151 1.868490577 -0.488498569 0.594053745 -0.010347023 -0.437500089 -0.476012707 0.762822747
1305031918.801097 1.873006701 -0.505129814 0.609329641 -0.001982742 -0.436271220 -0.487872720 0.756071270
1305031918.833123 1.875699759 -0.511582553 0.623172224 0.008321533 -0.434746712 -0.496628314 0.751189947
1305031918.865115 1.877949476 -0.528012216 0.632020414 0.014272884 -0.435776800 -0.507620037 0.743112862
1305031918.901084 1.879300833 -0.540045440 0.641836882 0.021667110 -0.439452231 -0.517518401 0.733884871
1305031918.933071 1.881363153 -0.550474346 0.652934432 0.028666824 -0.446383059 -0.527631640 0.722167015
1305031918.965058 1.884349227 -0.561993837 0.664642811 0.034419961 -0.453983545 -0.537444651 0.709836185
1305031919.001053 1.884021759 -0.575609386 0.673675001 0.038734201 -0.460776240 -0.547174990 0.697699428
1305031919.033082 1.889925480 -0.579791546 0.690353394 0.044317316 -0.471691877 -0.551944494 0.686221540
1305031919.065147 1.889973283 -0.588580310 0.702754140 0.044114690 -0.479058892 -0.560308814 0.674248099
1305031919.101028 1.890175223 -0.609619439 0.718634129 0.041813850 -0.489320338 -0.568230093 0.660251319
1305031919.133133 1.890886664 -0.619772673 0.733399510 0.042927675 -0.496289045 -0.574678957 0.649306178
1305031919.165110 1.891068816 -0.627596498 0.747955918 0.043673769 -0.502664208 -0.580191314 0.639374256
1305031919.201124 1.891547441 -0.636182547 0.762612462 0.043134425 -0.510055423 -0.586429119 0.627760887
1305031919.233093 1.889891028 -0.644582212 0.770849109 0.043083582 -0.517364562 -0.595113218 0.613447547
1305031919.265125 1.893751979 -0.654130459 0.785222888 0.046825882 -0.528360486 -0.603262842 0.595580757
1305031919.301119 1.893757463 -0.668819547 0.799395919 0.047584336 -0.539406359 -0.610059738 0.578449309
1305031919.333120 1.901994109 -0.678383648 0.816173315 0.049388535 -0.552555382 -0.610534668 0.565235078
1305031919.364948 1.907641172 -0.691439033 0.828977764 0.047322508 -0.561172187 -0.615295827 0.551595271
1305031919.401124 1.911145329 -0.705212533 0.838944376 0.044546258 -0.568198860 -0.619416177 0.539897501
1305031919.433256 1.919283271 -0.716946781 0.856034219 0.043404020 -0.577780604 -0.621595025 0.527167320
1305031919.465070 1.924032807 -0.733224392 0.868674695 0.041686084 -0.583787143 -0.626547635 0.514677405
1305031919.501049 1.924050927 -0.756231129 0.881180763 0.036976114 -0.587872088 -0.630913794 0.504962265
1305031919.533110 1.925885916 -0.770948529 0.892916203 0.038874567 -0.590747654 -0.631946564 0.500149488
1305031919.565165 1.931140304 -0.788490474 0.899687529 -0.042222954 0.593905628 0.631337285 -0.496896893
1305031919.601094 1.930515766 -0.803713918 0.907476068 -0.041657161 0.597587109 0.631231308 -0.492647320
1305031919.633127 1.926185369 -0.822582662 0.910775244 -0.041119017 0.603681803 0.629840970 -0.487009048
1305031919.665042 1.930118322 -0.839965582 0.923394382 -0.044635754 0.613349438 0.624413371 -0.481578708
1305031919.701092 1.922456622 -0.865826190 0.931798041 -0.044312544 0.618540049 0.622769535 -0.477077276
1305031919.733117 1.918943167 -0.882727206 0.937076449 -0.049851637 0.623355031 0.617684066 -0.476874977
1305031919.765060 1.922032118 -0.889030695 0.944484770 -0.053169936 0.629552841 0.610186696 -0.478025556
1305031919.801129 1.918705463 -0.897542536 0.947185874 -0.050755247 0.637639165 0.604118168 -0.475269854
1305031919.833072 1.920343041 -0.903697312 0.955437422 -0.047051884 0.649085999 0.597539485 -0.468422979
1305031919.865180 1.908839226 -0.916447401 0.964182019 -0.033586122 0.659346282 0.595202267 -0.458114326
1305031919.901067 1.892778277 -0.926816463 0.972979784 -0.026072362 0.668720901 0.591443598 -0.449807793
1305031919.933102 1.882859468 -0.935404480 0.980766296 -0.021052303 0.677106559 0.585091770 -0.445815206
1305031919.965129 1.867716193 -0.951678693 0.988329649 -0.011508678 0.684594095 0.579365134 -0.442192823
1305031920.001054 1.855720639 -0.960135400 0.989661634 -0.006228163 0.691304386 0.572703898 -0.440533489
1305031920.033118 1.849822402 -0.967447877 0.995391428 0.000727424 0.700069249 0.566762745 -0.434375942
1305031920.065136 1.832454920 -0.969721615 1.004744887 0.009398834 0.709388852 0.562121630 -0.425086230
1305031920.101055 1.820758462 -0.975624800 1.013200045 0.013172379 0.718834758 0.556744277 -0.416099578
1305031920.132987 1.805201888 -0.978630185 1.023425817 0.016651891 0.725057840 0.554536223 -0.408048391
1305031920.165140 1.792989731 -0.979197919 1.035871148 0.015075839 0.729986727 0.552807093 -0.401617199
1305031920.201166 1.778744817 -0.984347939 1.047792077 0.014532838 0.730686903 0.552624226 -0.400614321
1305031920.233083 1.756950855 -0.991217852 1.054571390 0.014107895 0.728691041 0.551783621 -0.405395091
1305031920.265120 1.739700794 -0.990784228 1.063615799 0.008603731 0.727597356 0.548140824 -0.412395090
1305031920.301096 1.726423502 -0.988496900 1.067013860 0.002158681 0.723251462 0.543952227 -0.425462782
1305031920.333124 1.707917213 -0.997611523 1.074141502 0.000619762 0.720663548 0.536796093 -0.438740879
1305031920.365130 1.693481684 -1.004073143 1.081024051 -0.000979624 0.716062546 0.530911922 -0.453195333
1305031920.401115 1.672766447 -1.002409220 1.084864020 -0.004066053 0.710489511 0.524032891 -0.469656974
1305031920.433123 1.666427374 -1.005963326 1.082817674 -0.012556323 0.704685986 0.517612934 -0.485115319
1305031920.465148 1.648299217 -1.007314444 1.085923553 -0.016207252 0.701164305 0.511282444 -0.496685326
1305031920.501107 1.639192462 -1.006768346 1.083058596 0.024146222 -0.697066426 -0.504540980 0.508875012
1305031920.533105 1.635495067 -1.008538127 1.078328371 0.031870041 -0.693994761 -0.498387128 0.518619120
1305031920.565153 1.622265339 -1.012036324 1.076395750 0.034636464 -0.693043768 -0.493896186 0.523982048
1305031920.633105 1.596789598 -1.021296859 1.086104512 0.041428071 -0.694176674 -0.479128391 0.535572946
1305031920.665129 1.578574657 -1.038375378 1.099929571 0.041308563 -0.691771269 -0.472064167 0.544886708
1305031920.701147 1.571452975 -1.045978904 1.094437361 0.047962453 -0.681244731 -0.465237230 0.563169241
1305031920.733091 1.556541681 -1.045561910 1.101521015 0.056927670 -0.674063265 -0.454317421 0.579649568
1305031920.765152 1.554666758 -1.042993784 1.101170063 0.066956252 -0.663918674 -0.443124652 0.598639607
1305031920.801031 1.545132279 -1.049422264 1.101444840 0.074164562 -0.655371845 -0.434589237 0.613285899
1305031920.833132 1.538564205 -1.052775502 1.101052046 0.081778198 -0.648849070 -0.427411288 0.624200940
1305031920.865163 1.531789899 -1.070596099 1.100824475 0.086548448 -0.642543435 -0.422386259 0.633432865
1305031920.901037 1.527519107 -1.077237368 1.100517869 0.091106087 -0.636004686 -0.413017303 0.645456731
1305031920.933077 1.521303058 -1.086824059 1.114091873 0.092398398 -0.631016970 -0.402419180 0.656764030
1305031920.965217 1.510895371 -1.094570518 1.114461422 0.093602344 -0.621415854 -0.395160377 0.670021772
1305031921.001108 1.503713965 -1.100892544 1.112636566 0.097892918 -0.611024261 -0.390539229 0.681575656
1305031921.033111 1.498829484 -1.107659101 1.111155629 0.103858046 -0.600937307 -0.388388813 0.690827072
1305031921.065147 1.494583368 -1.116968274 1.114435315 0.106530823 -0.591965437 -0.386870533 0.698970199
1305031921.101105 1.489238024 -1.123463273 1.110933542 0.106835634 -0.581710696 -0.383998722 0.709044278
1305031921.133159 1.481185555 -1.130270243 1.121607542 0.106459588 -0.573409081 -0.384328485 0.715653539
1305031921.165116 1.469848275 -1.137441874 1.128821969 0.106200680 -0.562077224 -0.386097014 0.723684788
1305031921.201159 1.458253860 -1.147872090 1.128706217 0.109256379 -0.550936401 -0.389030159 0.730196953
1305031921.233189 1.451216817 -1.160479426 1.126652002 0.113596477 -0.541559696 -0.389131308 0.736468434
1305031921.265164 1.442080975 -1.166420341 1.124871016 0.118931167 -0.533344686 -0.387857407 0.742270470
1305031921.301188 1.441795349 -1.172802329 1.119679332 0.121740319 -0.526869357 -0.385015786 0.747897625
1305031921.333158 1.435182929 -1.180421472 1.120578766 0.121846043 -0.522039533 -0.381887734 0.752854586
1305031921.365112 1.428102493 -1.184507489 1.127674699 0.122102700 -0.519155622 -0.377039552 0.757238090
1305031921.401108 1.423190713 -1.198467374 1.138095379 0.121830195 -0.516969383 -0.373741478 0.760406017
1305031921.433143 1.416625023 -1.201645017 1.139850378 0.123335153 -0.510219932 -0.368313164 0.767339230
1305031921.465014 1.412824869 -1.209515929 1.141182303 0.121904716 -0.504138649 -0.361912638 0.774598360
1305031921.501096 1.408991933 -1.217842698 1.146189928 0.121359721 -0.497194409 -0.354668707 0.782482982
1305031921.533099 1.403719187 -1.232496023 1.153984785 0.121663332 -0.488918990 -0.350093246 0.789677739
1305031921.565119 1.393229485 -1.247156382 1.152440667 0.123965122 -0.478087544 -0.343758017 0.798683524
1305031921.601114 1.397164226 -1.243151188 1.158132434 0.133921936 -0.468169898 -0.336239547 0.806117117
1305031921.633107 1.395035386 -1.251480222 1.169860601 0.133275285 -0.456561744 -0.330676407 0.815133274
1305031921.701068 1.420144439 -1.312573075 1.224929929 0.127929613 -0.445361823 -0.315460891 0.828113079
1305031921.733068 1.414347649 -1.307062626 1.236021996 0.133813784 -0.425299615 -0.307587981 0.840597272
1305031921.765060 1.410412550 -1.308182836 1.233881116 0.134973124 -0.405442446 -0.301409811 0.852379501
1305031921.801034 1.381146789 -1.280830979 1.218273282 0.141020074 -0.379543245 -0.296220154 0.865051389
1305031921.833122 1.371728897 -1.291783810 1.206337810 0.135528669 -0.364928126 -0.294643760 0.872722447
1305031921.865148 1.361997962 -1.297049880 1.209000587 0.133693650 -0.358017415 -0.291665494 0.876858473
1305031921.901117 1.362524152 -1.296527386 1.220098257 0.134088814 -0.352082074 -0.289434999 0.879935086
1305031921.933132 1.352616668 -1.300163150 1.223515749 0.130707115 -0.341606230 -0.287098497 0.885322154
1305031921.965107 1.344676495 -1.307847500 1.225359797 0.129017383 -0.330771387 -0.281840980 0.891353190
1305031922.001101 1.345930934 -1.308085799 1.240887523 0.130563542 -0.321392268 -0.274216324 0.896920025
1305031922.033170 1.334679008 -1.307274580 1.238522172 0.129766032 -0.305641085 -0.269969851 0.903803408
1305031922.101032 1.320760965 -1.311333895 1.239273667 0.125928923 -0.283969998 -0.258836299 0.914607406
1305031922.133245 1.313595533 -1.308853865 1.246780396 0.126069114 -0.275149643 -0.252929688 0.918926418
1305031922.165062 1.310637712 -1.309482217 1.247830272 0.124307781 -0.265404701 -0.247931749 0.923383892
1305031922.201057 1.300566435 -1.312925220 1.246085763 0.121328138 -0.255032897 -0.245081171 0.927455068
1305031922.233248 1.300694704 -1.310284615 1.249826074 0.121951893 -0.247546181 -0.241855696 0.930244267
1305031922.265183 1.294369817 -1.310081363 1.254307866 0.119645432 -0.237705156 -0.238004312 0.934095919
1305031922.301137 1.291099548 -1.307872534 1.254403353 0.117293149 -0.226514295 -0.237154037 0.937385499
1305031922.333215 1.285140395 -1.307063460 1.256211877 0.113871396 -0.213834509 -0.236553624 0.940930665
1305031922.365143 1.275414705 -1.307001829 1.254900455 0.110243492 -0.202711567 -0.235040933 0.944198191
1305031922.401139 1.270210385 -1.304399252 1.252796292 0.107582830 -0.192746103 -0.234646961 0.946686685
1305031922.465219 1.263378620 -1.299338460 1.258334041 0.099079058 -0.173270166 -0.229276255 0.952676892
1305031922.501312 1.264260173 -1.293695331 1.263307095 0.098186418 -0.166504875 -0.227855921 0.954315066
1305031922.533139 1.258713961 -1.289839029 1.266270995 0.093289956 -0.157720208 -0.224902347 0.956995428
1305031922.565031 1.258013606 -1.291702628 1.265781879 0.090017274 -0.151548445 -0.224879444 0.958310604
1305031922.601111 1.258253455 -1.293710470 1.267339945 0.086289674 -0.142001793 -0.226172999 0.959810078
1305031922.665318 1.255717278 -1.292481780 1.270100832 0.082499370 -0.127324849 -0.224835470 0.962512970
1305031922.701355 1.244643688 -1.289678454 1.272445321 0.080779277 -0.113611802 -0.221731260 0.965091884
1305031922.733235 1.240455151 -1.290064216 1.275012612 0.082094282 -0.104990557 -0.216708869 0.967096031
1305031922.765373 1.242622137 -1.293189049 1.274350405 0.083858937 -0.098557577 -0.211322874 0.968812048
1305031922.801220 1.242352486 -1.289350033 1.279063940 0.087616205 -0.090950616 -0.203949705 0.970801711
1305031922.833262 1.244228482 -1.291402817 1.277529478 0.089605846 -0.083713330 -0.199322522 0.972231150
1305031922.865045 1.245273232 -1.293497324 1.279910922 0.092528291 -0.074768938 -0.193522945 0.973856747
1305031922.901109 1.246014953 -1.295773387 1.280662060 0.095899887 -0.067044385 -0.187947318 0.975184143
1305031922.965220 1.246811390 -1.286919594 1.282720804 0.100029141 -0.053808920 -0.177414879 0.977559566
1305031923.001054 1.255017400 -1.289066076 1.281590581 0.098988831 -0.052363958 -0.174615830 0.978247702
1305031923.065085 1.265328407 -1.287474513 1.284343481 0.098600112 -0.044719685 -0.164523304 0.980413318
1305031923.101056 1.270944357 -1.291855097 1.285168529 0.097987026 -0.041900981 -0.162779659 0.980890214
1305031923.133238 1.272581697 -1.289490581 1.286669135 0.098183893 -0.034333568 -0.159557700 0.981693685
1305031923.165168 1.268660188 -1.298357487 1.289233565 0.098144822 -0.027028088 -0.156986818 0.982340157
1305031923.201181 1.273556590 -1.300041676 1.286167502 0.105532795 -0.021332292 -0.155395761 0.981967390
1305031923.265159 1.292188287 -1.286140084 1.286365867 0.114528008 -0.007631647 -0.143742114 0.982936084
1305031923.301183 1.295609474 -1.286397457 1.289115429 0.112165622 -0.000664040 -0.134439990 0.984552860
1305031923.333169 1.299429178 -1.285628557 1.288964152 0.111284889 0.005061880 -0.127456516 0.985568285
1305031923.365230 1.305474281 -1.279620409 1.285239458 0.110648379 0.010951778 -0.119868711 0.986543715
1305031923.401139 1.311792850 -1.272877693 1.293100119 0.107138671 0.017145002 -0.112437136 0.987717211
1305031923.433112 1.324452043 -1.276684523 1.282926321 0.102519080 0.022986267 -0.103767164 0.989036858
1305031923.465290 1.322094679 -1.276257873 1.284638524 0.101598069 0.033131454 -0.093926981 0.989827156
1305031923.501145 1.328561068 -1.281801939 1.283007622 0.103522852 0.038650494 -0.086843289 0.990074456
1305031923.533199 1.332850099 -1.277559519 1.274917126 0.111743055 0.043495540 -0.080776602 0.989493191
1305031923.565198 1.340312481 -1.277188420 1.267098427 0.115488835 0.045496099 -0.074893974 0.989435852
1305031923.601069 1.352399349 -1.274587274 1.263134003 0.120972395 0.045554880 -0.069495104 0.989171803
1305031923.633244 1.359815478 -1.266788840 1.251403332 0.123826467 0.047789901 -0.063698143 0.989103496
1305031923.665141 1.371490121 -1.266985774 1.246416807 0.124800690 0.047976565 -0.056538768 0.989407122
1305031923.701144 1.380192876 -1.260880589 1.234391928 0.128235996 0.049538922 -0.051610865 0.989160120
1305031923.733145 1.387613177 -1.254574656 1.224608660 0.128339708 0.051707797 -0.048102573 0.989212513
1305031923.765175 1.401137233 -1.250348687 1.218862772 0.131525517 0.052628927 -0.047088582 0.988794208
1305031923.801150 1.408651829 -1.242009997 1.205882788 0.130792111 0.056668751 -0.047345974 0.988655865
1305031923.833045 1.419869900 -1.241553187 1.201066136 0.130361289 0.058057923 -0.045315735 0.988727331
1305031923.865161 1.425734401 -1.236398935 1.190400958 0.135912210 0.059199236 -0.046326831 0.987864971
1305031923.901121 1.436375141 -1.225710869 1.179145455 0.141657665 0.060427234 -0.051818993 0.986709893
1305031923.933140 1.444488049 -1.215152144 1.168042898 0.146345556 0.063401528 -0.057526574 0.985522151
1305031923.965198 1.454661131 -1.203207254 1.154599547 0.143150508 0.067508362 -0.063184552 0.985372126
1305031924.001096 1.466418266 -1.200487018 1.152979612 0.141128644 0.069366552 -0.062663384 0.985567987
1305031924.033250 1.476827025 -1.187689543 1.143608093 0.150047347 0.073183358 -0.065195926 0.983808637
1305031924.065224 1.486133218 -1.175925374 1.132834077 0.149332106 0.077589668 -0.062669963 0.983743966
1305031924.101175 1.494303703 -1.173786044 1.127801538 0.143203288 0.079896361 -0.059700094 0.984654903
1305031924.133285 1.502869248 -1.164545298 1.120110869 0.145758227 0.080450051 -0.062802002 0.984041750
1305031924.165591 1.512459397 -1.154826641 1.110351562 0.144221425 0.079737253 -0.063940890 0.984252870
1305031924.201130 1.522519469 -1.147261858 1.102670908 0.141934052 0.076241590 -0.066151403 0.984716177
1305031924.233238 1.531647444 -1.137464285 1.095332146 0.143873036 0.072079077 -0.071469523 0.984376609
1305031924.265335 1.540670156 -1.130774856 1.087804675 0.142768115 0.068900213 -0.073072150 0.984647393
1305031924.301099 1.551833272 -1.122589469 1.078550220 0.142233863 0.065282241 -0.073471427 0.984941483
1305031924.333113 1.559642434 -1.114804506 1.069986105 0.139544383 0.062628970 -0.073478989 0.985497773
1305031924.365169 1.567197680 -1.106758952 1.061520696 0.139395460 0.057734706 -0.076344147 0.985599935
1305031924.401095 1.574094772 -1.097614527 1.051199555 0.138496399 0.051380716 -0.079125486 0.985858977
1305031924.433069 1.582726955 -1.090106726 1.043009400 0.136817545 0.045302570 -0.080937117 0.986244321
1305031924.465394 1.586721420 -1.083399892 1.037235498 0.137973860 0.041079223 -0.084396765 0.985978186
1305031924.501116 1.592001200 -1.075068831 1.024738073 0.140243515 0.034030873 -0.087008379 0.985699356
1305031924.533245 1.596299052 -1.069432855 1.016218305 0.141287819 0.025003174 -0.088096455 0.985723913
1305031924.565264 1.603631973 -1.063606858 1.005475998 0.145049185 0.012907853 -0.089695849 0.985265851
1305031924.601161 1.610591531 -1.056902051 1.001559615 0.150332525 0.003246467 -0.091545701 0.984382510
1305031924.633221 1.616045713 -1.051513910 0.996356726 0.155899897 -0.002795139 -0.090482429 0.983615935
1305031924.665187 1.622386217 -1.042377830 0.988766313 0.163027599 -0.009640165 -0.088781618 0.982571542
1305031924.701168 1.628969789 -1.036785603 0.983562768 0.167468861 -0.015312339 -0.089167632 0.981717288
1305031924.733166 1.636202216 -1.028584719 0.977918744 0.174029574 -0.020423250 -0.090246402 0.980383694
1305031924.765170 1.646899939 -1.020360947 0.972937584 0.177035421 -0.023791822 -0.090386227 0.979756474
1305031924.801057 1.652800441 -1.013613939 0.967552423 0.177977651 -0.022911506 -0.089485653 0.979689419
1305031924.833187 1.657131553 -1.004027843 0.964377940 0.180963576 -0.021679452 -0.089692883 0.979151368
1305031924.865165 1.664784193 -0.990410745 0.959839284 0.180318922 -0.021208860 -0.088158973 0.979419827
1305031924.901110 1.667829394 -0.981375873 0.954460919 0.175591201 -0.022181775 -0.088272363 0.980246723
1305031924.933186 1.670009017 -0.974740863 0.951268196 0.174970493 -0.025998019 -0.090605259 0.980051100
1305031924.969060 1.675081611 -0.965547919 0.945754409 0.175526023 -0.029802708 -0.093500055 0.979571402
1305031925.001103 1.680592895 -0.957924962 0.942050636 0.177319884 -0.033722728 -0.095312908 0.978946328
1305031925.033148 1.685153604 -0.951311290 0.936093032 0.179957911 -0.036275066 -0.097649902 0.978143036
1305031925.069090 1.686510682 -0.941280365 0.932947040 0.186288700 -0.036523130 -0.100105532 0.976699293
1305031925.101107 1.690079331 -0.929711878 0.927778900 0.189094588 -0.037558049 -0.100243837 0.976106465
1305031925.133209 1.694929004 -0.919571996 0.921180129 0.183430836 -0.039980322 -0.098210603 0.977297008
1305031925.169080 1.696665525 -0.912907600 0.915019870 0.180240408 -0.042368922 -0.097727396 0.977838218
1305031925.201117 1.696940303 -0.904545248 0.912484705 0.182895228 -0.045399185 -0.101322234 0.976842880
1305031925.233193 1.704563618 -0.893564820 0.902993441 0.181839809 -0.050216649 -0.101729460 0.976761818
1305031925.269164 1.707759142 -0.885499299 0.899700463 0.179331169 -0.053684585 -0.106522359 0.976530254
1305031925.301283 1.711858630 -0.875526071 0.892906964 0.177466273 -0.055282786 -0.112154186 0.976151109
1305031925.333142 1.716482759 -0.864089191 0.887616456 0.173322439 -0.055668350 -0.115823157 0.976445258
1305031925.369107 1.720785141 -0.853800178 0.884795249 0.169760987 -0.056124382 -0.120996937 0.976417422
1305031925.401456 1.725398183 -0.842666209 0.880382597 0.168372735 -0.056324422 -0.126079544 0.976003110
1305031925.433406 1.728792787 -0.835840285 0.876810431 0.168412969 -0.057740558 -0.128990754 0.975532949
1305031925.469099 1.737892747 -0.827915490 0.871888995 0.171276063 -0.057679497 -0.130929440 0.974779487
1305031925.501267 1.748075485 -0.818772912 0.867598474 0.176842228 -0.054123826 -0.129426390 0.974190056
1305031925.533321 1.757653594 -0.805773020 0.862961650 0.183605269 -0.049752142 -0.124060251 0.973870039
1305031925.569132 1.766139746 -0.796543956 0.857855737 0.187210664 -0.044752382 -0.116696671 0.974336326
1305031925.601218 1.774652958 -0.786069155 0.853451252 0.190634280 -0.039455619 -0.111604735 0.974497914
1305031925.633430 1.786937356 -0.773110092 0.848174036 0.191873044 -0.034241043 -0.106540151 0.975018680
1305031925.669137 1.793446064 -0.767163396 0.847823560 0.188533142 -0.031490091 -0.101033151 0.976348281
1305031925.701322 1.799957991 -0.756372750 0.846042871 0.187473759 -0.030734608 -0.099425919 0.976741254
1305031925.733167 1.813604474 -0.749169588 0.844263256 0.185499266 -0.032834671 -0.098536797 0.977139890
1305031925.769246 1.830801010 -0.739776134 0.838758290 0.181297854 -0.034003358 -0.094921216 0.978245795
1305031925.801208 1.836600184 -0.730827451 0.838355422 0.175795823 -0.028885625 -0.093664572 0.979534805
1305031925.833148 1.852879405 -0.720196247 0.839328110 0.169078246 -0.026215455 -0.089569457 0.981174052
1305031925.869197 1.859855175 -0.717051566 0.835799694 0.158780441 -0.019819360 -0.085845813 0.983375013
1305031925.901176 1.872752428 -0.708404899 0.834987819 0.151894107 -0.015144290 -0.081753641 0.984893501
1305031925.933170 1.878368974 -0.703093290 0.831910074 0.144205436 -0.010350121 -0.074191220 0.986708343
1305031925.969198 1.894313097 -0.693678319 0.826864362 0.136309385 -0.010038927 -0.068591908 0.988237917
1305031926.001186 1.896421075 -0.688752830 0.823073566 0.127955571 -0.006122981 -0.064216249 0.989679813
1305031926.033156 1.905239582 -0.681896031 0.818639696 0.123477429 -0.005512185 -0.059351351 0.990555584
1305031926.069077 1.913693786 -0.673044682 0.812070966 0.119199470 -0.003218542 -0.055775341 0.991297245
1305031926.101106 1.921304345 -0.667807937 0.805880845 0.115830347 0.001773794 -0.054503579 0.991770923
1305031926.133181 1.933304429 -0.658377886 0.799684525 0.114755645 0.005763979 -0.052934609 0.991965711
1305031926.169101 1.946078777 -0.649234295 0.791534543 0.110929795 0.011171651 -0.050903790 0.992460847
1305031926.201141 1.952596664 -0.643629909 0.783877015 0.110125005 0.018340347 -0.047210380 0.992626488
1305031926.233134 1.964202642 -0.634533525 0.772539258 0.109413184 0.023817094 -0.043835286 0.992743671
1305031926.269135 1.972771049 -0.625267804 0.766112626 0.107567661 0.030442378 -0.042522088 0.992821395
1305031926.301054 1.981546402 -0.616568387 0.756044567 0.107462533 0.038420040 -0.041860696 0.992584169
1305031926.333164 1.990915179 -0.607584536 0.746056795 0.107274853 0.048085231 -0.038362753 0.992324650
1305031926.369064 1.996553183 -0.602381051 0.737414181 0.106629588 0.058819383 -0.033561628 0.991989911
1305031926.401166 2.008553982 -0.594905972 0.727611244 0.107679367 0.066024557 -0.028847797 0.991571367
1305031926.433155 2.015670061 -0.589674175 0.717982650 0.106816620 0.074266046 -0.022906775 0.991236627
1305031926.469090 2.020805836 -0.584763348 0.706875801 0.106050640 0.082945324 -0.017486162 0.990740895
1305031926.501075 2.034179926 -0.577378392 0.700982451 0.108931564 0.089884795 -0.009937951 0.989927232
1305031926.533176 2.039400816 -0.570644677 0.689997256 0.111210056 0.099108651 -0.002542959 0.988839388
1305031926.569122 2.039255142 -0.567991793 0.679007530 0.111998007 0.108732410 0.007038595 0.987716675
1305031926.601166 2.039946795 -0.565999269 0.667374969 0.111691155 0.117369793 0.017957151 0.986624002
1305031926.633127 2.043959618 -0.560743809 0.658961535 0.111486785 0.124751456 0.028471673 0.985493362
1305031926.669140 2.042120934 -0.551711738 0.651142955 0.112145223 0.133747935 0.038590368 0.983893156
1305031926.701042 2.040256262 -0.542969286 0.646346450 0.113772735 0.145064637 0.045246199 0.981817126
1305031926.733207 2.046109676 -0.522990167 0.640859902 0.117269777 0.157175526 0.050740171 0.979269683
1305031926.769141 2.048362494 -0.530035317 0.634623826 0.111898728 0.170847893 0.063400298 0.976867497
1305031926.801342 2.044105291 -0.519244790 0.629683316 0.111865759 0.186249465 0.076139286 0.973139226
1305031926.833209 2.040103912 -0.513947845 0.627476752 0.110524505 0.202803403 0.089956321 0.968794584
1305031926.869333 2.052921057 -0.516725302 0.621487617 0.105369091 0.215863600 0.106464632 0.964865565
1305031926.901097 2.049860477 -0.507575035 0.619435489 0.104218878 0.234710634 0.121710941 0.958767831
1305031926.933348 2.046023369 -0.492939949 0.616271555 0.105391286 0.255767763 0.136797026 0.951189816
1305031926.969122 2.063098431 -0.502719283 0.610310793 0.095722578 0.270208478 0.152926162 0.945747375
1305031927.001575 2.046712399 -0.498949945 0.613467813 0.089659385 0.293429732 0.166100487 0.937161028
1305031927.033929 2.067391634 -0.491233259 0.603788674 0.084036537 0.303086817 0.180380836 0.931954384
1305031927.070528 2.070076466 -0.493843198 0.599033475 0.076443769 0.317838699 0.196672827 0.924367189
1305031927.101272 2.084974289 -0.477597147 0.587594688 0.072432451 0.323943794 0.209534392 0.919733286
1305031927.133471 2.073810816 -0.477342248 0.596279860 0.064394638 0.340947688 0.223249674 0.910915792
1305031927.169161 2.094860077 -0.467343032 0.581259072 0.056093991 0.344883054 0.235464275 0.906898975
1305031927.201210 2.103267670 -0.460960150 0.568155885 0.046403054 0.350254685 0.248109415 0.902003407
1305031927.233491 2.106844902 -0.436706275 0.555958629 0.038696945 0.351708353 0.259986997 0.898449004
1305031927.269153 2.110273361 -0.418013126 0.557666481 0.030853976 0.353422076 0.267112434 0.895986497
1305031927.301135 2.109596729 -0.403996408 0.556293666 0.023322685 0.357324719 0.276028425 0.891954839
1305031927.333139 2.113555431 -0.395617455 0.556803346 0.015899541 0.361320496 0.285988450 0.887358606
1305031927.369147 2.119246960 -0.390759528 0.557541430 0.007053112 0.366712183 0.296590775 0.881763220
1305031927.401161 2.118837118 -0.377873689 0.563275635 0.001080292 0.373838037 0.305842280 0.875616610
1305031927.433274 2.124346733 -0.360863954 0.550974846 -0.002698848 0.374768555 0.314256012 0.872229576
1305031927.469105 2.132562160 -0.365129232 0.552677393 -0.014357428 0.377556264 0.320235699 0.868731380
1305031927.501136 2.137555599 -0.347415954 0.547408104 -0.019253371 0.377936512 0.325155228 0.866641402
1305031927.533182 2.134963989 -0.316841185 0.542689025 -0.017915076 0.378471702 0.325682312 0.866238534
1305031927.569225 2.138116598 -0.304330975 0.536200762 -0.022172390 0.377475798 0.326578885 0.866237044
1305031927.601132 2.141557693 -0.291568369 0.527415931 -0.029191861 0.374105811 0.326391667 0.867560446
1305031927.633201 2.142419577 -0.295062810 0.540280640 -0.040667996 0.374849528 0.324249774 0.867580593
1305031927.669158 2.149606943 -0.283941776 0.534049332 -0.046039354 0.369816273 0.317386001 0.871999085
1305031927.701131 2.152435303 -0.279059201 0.531971216 -0.054306202 0.367034793 0.309628248 0.875480831
1305031927.733219 2.156456232 -0.265007973 0.529507279 -0.059933551 0.363892287 0.302078366 0.879055798
1305031927.769158 2.162934065 -0.267156959 0.529735446 -0.068752609 0.361646593 0.296147853 0.881352007
1305031927.801109 2.171621323 -0.263507724 0.530085742 -0.074073307 0.360127836 0.292050004 0.882908821
1305031927.833282 2.174120903 -0.239039391 0.514239013 -0.071925052 0.356386423 0.288444549 0.885785103
1305031927.869143 2.188865423 -0.244899690 0.515103102 -0.080884732 0.355404079 0.289162546 0.885172665
1305031927.901130 2.199208975 -0.237101555 0.510799110 -0.082861170 0.355148882 0.287551135 0.885617137
1305031927.933465 2.203804970 -0.232758969 0.508815467 -0.083727002 0.357289702 0.286233693 0.885101199
1305031927.969176 2.207967520 -0.204987004 0.494120419 -0.079151250 0.354366839 0.285747826 0.886852562
1305031928.001134 2.221411228 -0.194868624 0.485225707 -0.080548301 0.353056461 0.286033452 0.887157202
1305031928.033186 2.227128267 -0.182463035 0.475877732 -0.080222808 0.353313088 0.285825729 0.887151539
1305031928.069125 2.235458612 -0.169987559 0.465312481 -0.082439914 0.352886051 0.287635565 0.886533082
1305031928.101114 2.245130062 -0.162488058 0.458226174 -0.084958166 0.353383422 0.289591104 0.885459900
1305031928.133202 2.256772995 -0.151673108 0.446850121 -0.086724974 0.352864712 0.290078551 0.885335922
1305031928.169018 2.266290665 -0.151138037 0.436998785 -0.090865165 0.355781317 0.290580124 0.883587241
1305031928.201096 2.276732206 -0.140520871 0.421136200 -0.091771223 0.359430194 0.289994985 0.882207930
1305031928.233133 2.272643805 -0.124837801 0.424315572 -0.090748310 0.370198846 0.291693896 0.877286851
1305031928.269216 2.282225609 -0.131851852 0.420797825 -0.096311629 0.377095580 0.297530621 0.871778905
1305031928.301255 2.293619394 -0.115917429 0.404897094 -0.093272284 0.379225314 0.302131623 0.869600415
1305031928.333609 2.307400942 -0.115149893 0.378964156 -0.093739383 0.380704880 0.310379207 0.865991592
1305031928.369520 2.317957401 -0.115363792 0.367918909 -0.093813345 0.385716081 0.318920642 0.860646129
1305031928.401116 2.321140528 -0.115138024 0.364670783 -0.091763429 0.395097703 0.327139884 0.853496790
1305031928.433543 2.331783533 -0.101347774 0.348366082 -0.084912971 0.402203679 0.337920010 0.846659362
1305031928.469232 2.336553574 -0.098903447 0.339929938 -0.080428928 0.413316160 0.349729747 0.836893082
1305031928.501428 2.356332302 -0.098011032 0.324515671 -0.075304322 0.421279758 0.365222961 0.826719284
1305031928.533982 2.360923529 -0.098685831 0.315946341 -0.067532733 0.431880474 0.375639051 0.817198813
1305031928.569299 2.362180710 -0.096035466 0.303955704 -0.059212301 0.442586809 0.384076446 0.808143616
1305031928.601271 2.372044563 -0.095170461 0.292517960 -0.051898096 0.453217745 0.392656058 0.798574626
1305031928.633595 2.401316881 -0.093907565 0.244180858 -0.044536728 0.455402732 0.402973771 0.792613983
1305031928.669146 2.402760506 -0.091069967 0.233498290 -0.035601649 0.469187796 0.402782977 0.785086751
1305031928.701110 2.399281502 -0.098922536 0.234681234 -0.027876142 0.485356331 0.402325571 0.775748849
1305031928.733185 2.395041704 -0.095829681 0.231355026 -0.017452277 0.499144733 0.402139008 0.767355323
1305031928.769202 2.411860466 -0.096091099 0.207721949 -0.010408780 0.506435156 0.402991235 0.762242198
1305031928.801117 2.411025524 -0.092939332 0.203578159 0.000680951 0.518746674 0.400759906 0.755177438
1305031928.833193 2.411870480 -0.106613144 0.200347692 0.008850336 0.531953216 0.401072443 0.745713353
1305031928.869148 2.412799835 -0.114261262 0.187581912 0.017013161 0.542269826 0.399746060 0.738821447
1305031928.901197 2.408055544 -0.118789338 0.181074232 0.027469354 0.555231571 0.396373212 0.730651438
1305031928.933215 2.403733015 -0.121407755 0.178678393 0.039850123 0.568364263 0.392034084 0.722276449
1305031928.969097 2.405008554 -0.126673594 0.173199683 0.050975230 0.582412541 0.385228813 0.713999927
1305031929.001155 2.399352312 -0.133474231 0.168653160 0.060479533 0.597467780 0.379760891 0.703673363
1305031929.033640 2.403958559 -0.144111603 0.154572114 0.067560032 0.609509289 0.375465959 0.694952786
1305031929.069089 2.401490211 -0.146888748 0.149866328 0.078447431 0.624382555 0.368201107 0.684412420
1305031929.101213 2.395880938 -0.151622787 0.145900384 0.087708518 0.640013158 0.361000150 0.672584057
1305031929.133202 2.397590876 -0.156325981 0.138199463 0.099315450 0.653649867 0.356460690 0.660162151
1305031929.169204 2.387887955 -0.155037433 0.131948635 0.110789634 0.665761828 0.349390209 0.649933398
1305031929.201163 2.387650967 -0.162285581 0.119885184 0.119614102 0.676740348 0.346246988 0.638614118
1305031929.233293 2.388652325 -0.174103573 0.113337912 0.129201606 0.688343585 0.343259126 0.625830054
1305031929.269214 2.385085583 -0.180188671 0.104519412 0.142334267 0.699046433 0.338313133 0.613693178
1305031929.301292 2.379357338 -0.184989616 0.099136412 0.153227121 0.709632337 0.333057374 0.601677835
1305031929.333529 2.377199888 -0.195305988 0.099661402 0.163400769 0.720211446 0.329676628 0.588140309
1305031929.369189 2.376244783 -0.199265286 0.107992657 0.174514517 0.730188429 0.323449999 0.575977147
1305031929.401369 2.376600504 -0.240225151 0.083559856 0.176850334 0.732985139 0.328020245 0.569086671
1305031929.433239 2.371686220 -0.248130590 0.077963710 0.186484039 0.737780392 0.323513597 0.562354684
1305031929.469219 2.365097523 -0.262409747 0.071883671 0.192893922 0.743120432 0.319239825 0.555562735
1305031929.501198 2.361753941 -0.270664841 0.073602259 0.201078057 0.748564005 0.314399391 0.548062623
1305031929.533262 2.355974197 -0.284617275 0.068046793 0.207938358 0.753368497 0.310005516 0.541381776
1305031929.569172 2.348378181 -0.290256709 0.066438146 0.214850396 0.758127987 0.303765625 0.535544336
1305031929.601101 2.341696978 -0.296973288 0.061548986 0.219927877 0.762557209 0.296027482 0.531513035
1305031929.634447 2.330262661 -0.305673718 0.058373682 0.225581214 0.767389059 0.288147956 0.526495993
1305031929.669287 2.331294537 -0.327802807 0.064402759 0.228316978 0.773936749 0.281493276 0.519283056
1305031929.701269 2.319890261 -0.321816027 0.064299449 0.235605657 0.778024018 0.270299166 0.515855670
1305031929.733617 2.317111015 -0.324044526 0.063762955 0.240279287 0.780792713 0.261087358 0.514258742
1305031929.769190 2.312927723 -0.338993818 0.057832029 0.243482500 0.780750692 0.255926520 0.515408874
1305031929.801229 2.355801582 -0.449474186 0.088202782 0.237025902 0.789790452 0.262778729 0.500996053
1305031929.833358 2.340450287 -0.441782147 0.081830047 0.244018361 0.788498163 0.253840446 0.504272521
1305031929.869242 2.333033323 -0.445553541 0.085040435 0.249727473 0.788413823 0.246622458 0.505190372
1305031929.901292 2.329132080 -0.456123501 0.086117193 0.253928304 0.788473666 0.241161287 0.505639136
1305031929.933176 2.315705299 -0.452756733 0.075273998 0.257601231 0.787446976 0.234551147 0.508482754
1305031929.969176 2.313684464 -0.457421869 0.074179843 0.257992268 0.789566875 0.230041161 0.507055581
1305031930.001350 2.303429842 -0.444919348 0.073255248 0.260779113 0.791024804 0.225683630 0.505312860
1305031930.033650 2.292513132 -0.445856929 0.056356292 0.262232244 0.790636539 0.228111044 0.504076898
1305031930.069293 2.293263912 -0.451642007 0.068436280 0.262897968 0.793335199 0.231342912 0.497980326
1305031930.101133 2.276150465 -0.429329544 0.053823784 0.262755245 0.791634977 0.232224628 0.500345409
1305031930.134163 2.265485764 -0.409348130 0.052838229 0.261485189 0.792253792 0.233661503 0.499361336
1305031930.169117 2.265190601 -0.431657970 0.038565055 0.253547043 0.795384288 0.241910651 0.494526982
1305031930.201148 2.261197567 -0.424644649 0.058418702 0.252600163 0.800776601 0.246564850 0.483896494
1305031930.233355 2.257078171 -0.421798050 0.043057419 0.244874582 0.803254128 0.253259301 0.480290532
1305031930.269064 2.251218796 -0.411272734 0.055097505 0.238171861 0.809946001 0.256139308 0.470801741
1305031930.301105 2.252151728 -0.378823996 0.059071958 0.236696914 0.813426375 0.260199726 0.463258266
1305031930.333138 2.251990795 -0.393541753 0.053654030 0.224106029 0.817770958 0.270551801 0.455882549
1305031930.369794 2.226181746 -0.357652694 0.034465652 0.219366387 0.818402112 0.274978131 0.454404414
1305031930.401077 2.230830908 -0.299321592 0.086349741 0.218366474 0.826901734 0.271533549 0.441383272
1305031930.433290 2.223469019 -0.266452730 0.093529053 0.214406222 0.829266489 0.276315302 0.435886413
1305031930.469130 2.249361992 -0.284102112 0.163503438 0.203515604 0.839149773 0.284261525 0.416658670
1305031930.501044 2.150531769 -0.248473838 0.052181549 0.202820629 0.821433067 0.307404697 0.435446769
1305031930.533067 2.153688431 -0.248610198 0.054546472 0.194288194 0.821161926 0.319442034 0.431163549
1305031930.569007 2.151683807 -0.240993559 0.059116490 0.185209662 0.821844220 0.327882946 0.427507043
1305031930.601041 2.143691778 -0.231384799 0.055944197 0.176185086 0.820552468 0.338852167 0.425243020
1305031930.633126 2.137096882 -0.222566828 0.054970056 0.167835221 0.817496955 0.350822836 0.424798071
1305031930.668925 2.134615898 -0.217714623 0.060224634 0.159848496 0.813658834 0.362584680 0.425370514
1305031930.701009 2.137195110 -0.216790825 0.070161618 0.152480304 0.809200287 0.373997390 0.426697284
1305031930.733195 2.141112804 -0.180025533 0.115177214 0.150076330 0.808594048 0.376068503 0.426878572
1305031930.769068 2.128068924 -0.190621942 0.083382107 0.138607070 0.798687875 0.391478449 0.435465723
1305031930.801055 2.124981642 -0.182994574 0.078347243 0.135059655 0.792640924 0.402383089 0.437683731
1305031930.833091 2.123724699 -0.190650880 0.064280428 0.127238631 0.787130356 0.413641959 0.439472884
1305031930.869070 2.123371363 -0.177138254 0.087107971 0.120859958 0.786986709 0.417841941 0.437553287
1305031930.900829 2.119267225 -0.173941568 0.080109894 0.114008792 0.782404959 0.427777439 0.438007981
1305031930.933330 2.122462511 -0.182762414 0.085583061 0.107461944 0.778947771 0.438789308 0.434920967
1305031930.969059 2.116875648 -0.170913905 0.094906934 0.102356352 0.775962532 0.446261942 0.433884382
1305031931.000795 2.113861799 -0.147717267 0.117843457 0.097151011 0.774664223 0.451447397 0.432032704
1305031931.033023 2.072457552 -0.113543272 0.091272824 0.093712695 0.764961004 0.460374504 0.440576881
1305031931.068905 2.071154356 -0.106479675 0.096954256 0.086324602 0.760712743 0.471074313 0.438124537
1305031931.100819 2.070668221 -0.099162690 0.097185194 0.079538271 0.755875826 0.482740402 0.435071349
1305031931.133042 2.065638781 -0.091962889 0.098829433 0.073010549 0.751812935 0.493112147 0.431609958
1305031931.168900 2.063160419 -0.084147714 0.092816375 0.065277584 0.747688353 0.504891694 0.426363021
1305031931.200696 2.065716982 -0.073904373 0.099941522 0.056192447 0.745885491 0.516665637 0.416598082
1305031931.233053 2.062971115 -0.067187577 0.097090952 0.046492804 0.742708862 0.530014694 0.406578958
1305031931.268951 2.058004856 -0.056476787 0.094962031 0.039371025 0.740296721 0.542071700 0.395687968
1305031931.300955 2.053591490 -0.047748860 0.090214342 0.030352579 0.738017797 0.552381337 0.386371970
1305031931.332991 2.057384014 -0.039258767 0.089646183 0.022417072 0.738267481 0.562187195 0.372027189
1305031931.369797 2.061837912 -0.041817613 0.093616098 0.015142702 0.738966167 0.572065830 0.355584621
1305031931.401337 2.065440655 -0.039160598 0.091206633 0.011954824 0.737686276 0.582593799 0.340969890
1305031931.432892 2.065448761 -0.029783085 0.096183077 0.010112136 0.738313794 0.589188039 0.328097582
1305031931.469079 2.073770046 -0.031965684 0.096503109 0.007004565 0.738650024 0.596824646 0.313284844
1305031931.500852 2.078846455 -0.023629045 0.097800538 0.006460834 0.739001036 0.602656066 0.301066965
1305031931.532871 2.082060575 -0.016741499 0.098586962 0.006358320 0.737908959 0.609913230 0.288887143
1305031931.569726 2.088363409 -0.015438152 0.096258730 0.010054749 0.737877846 0.616161525 0.275281966
1305031931.601199 2.094659328 -0.016041111 0.094234720 0.014318228 0.738099933 0.620919585 0.263557017
1305031931.633004 2.105941057 -0.005198891 0.095218331 0.014543619 0.738960266 0.622897267 0.256369084
1305031931.669064 2.117568493 -0.010341235 0.107503913 0.005504812 0.743016779 0.620747983 0.250135511
1305031931.701060 2.127759457 -0.009764520 0.109154381 0.003354150 0.744091809 0.622709572 0.241968736
1305031931.732985 2.138189077 -0.007658536 0.112188369 0.001330422 0.744799495 0.624207973 0.235873654
1305031931.768911 2.148221731 -0.006576163 0.115312964 -0.001671407 0.743597388 0.627214491 0.231650829
1305031931.800959 2.157751322 -0.003340768 0.117505111 -0.000361733 0.741489530 0.631442904 0.226876721
1305031931.832926 2.168220043 -0.003166701 0.124676123 0.001492232 0.739944577 0.635784149 0.219677776
1305031931.868988 2.178538084 0.000296944 0.126822412 0.006091427 0.735250235 0.644028842 0.211179733
1305031931.900957 2.184225321 0.013014835 0.127804846 0.010922400 0.732603550 0.648187280 0.207427174
1305031931.932907 2.191718817 0.020955449 0.126775056 0.015835959 0.731669068 0.650708735 0.202454463
1305031931.968902 2.200691462 0.023680575 0.130233541 0.019772168 0.730696142 0.653013587 0.198155209
1305031932.000829 2.206849337 0.030650882 0.134458333 0.023661578 0.731776416 0.653004050 0.193724439
1305031932.032913 2.214832067 0.036160454 0.132659942 0.029276574 0.731422126 0.655061841 0.187239110
1305031932.068920 2.222843647 0.040670972 0.136872515 0.032528471 0.732567906 0.654861569 0.182872951
1305031932.101294 2.234107256 0.039411429 0.134184003 0.035475321 0.730177581 0.659106791 0.176523283
1305031932.132895 2.241063595 0.044999376 0.122589491 0.044709273 0.725368559 0.664134085 0.175406516
1305031932.169077 2.250560522 0.042259939 0.127321318 0.048492681 0.724023759 0.664194226 0.179677725
1305031932.200948 2.259501219 0.048337404 0.122303344 0.052355196 0.720621169 0.665603817 0.186910897
1305031932.232821 2.270688534 0.050763607 0.117784210 0.054324068 0.718044221 0.665432155 0.196625322
1305031932.268818 2.278497696 0.055188403 0.114239186 0.057294462 0.716038406 0.664339781 0.206540629
1305031932.300945 2.279301643 0.073762327 0.112498373 0.059225153 0.716942668 0.658915102 0.219810218
1305031932.333175 2.289546967 0.076241136 0.109140083 0.060900494 0.717160881 0.656945765 0.224485531
1305031932.368837 2.296588659 0.074910454 0.102192424 0.063523978 0.717270672 0.654165566 0.231419444
1305031932.401680 2.306134701 0.078284472 0.091584444 0.068025038 0.716887951 0.651452422 0.238859802
1305031932.432994 2.316215515 0.080327921 0.087778680 0.071694866 0.716522098 0.648543417 0.246672660
1305031932.469022 2.322352409 0.084247686 0.082965963 0.076728150 0.715008855 0.645912051 0.256267190
1305031932.500893 2.336535454 0.089516163 0.072629802 0.078501984 0.713080764 0.643913805 0.265947878
1305031932.532959 2.339950800 0.101312920 0.070280924 0.082258984 0.712645233 0.638884425 0.277843326
1305031932.568972 2.341630459 0.108636327 0.065546125 0.086656034 0.712294102 0.633049607 0.290475637
1305031932.600957 2.367434740 0.080960982 0.064720772 0.078021832 0.712260008 0.630246162 0.298978180
1305031932.632929 2.370569706 0.084502354 0.059345685 0.080774680 0.711031139 0.623542488 0.314809293
1305031932.669236 2.380479813 0.083642207 0.055595458 0.081007503 0.710885704 0.616675735 0.328314483
1305031932.700806 2.385769844 0.090522982 0.047682226 0.083663911 0.709575117 0.609336615 0.343820155
1305031932.732848 2.385310173 0.093800522 0.039102070 0.087063238 0.708535254 0.601814449 0.358074158
1305031932.768757 2.404780626 0.086501539 0.034482125 0.087217331 0.709459186 0.595152318 0.367225409
1305031932.800821 2.419252634 0.079948701 0.029622691 0.089835614 0.710477471 0.587342799 0.377067327
1305031932.832891 2.429462910 0.081157833 0.023501769 0.091406584 0.711483777 0.578936458 0.387644589
1305031932.869016 2.435150862 0.081421353 0.016951434 0.094185032 0.713687301 0.569168270 0.397274524
1305031932.901214 2.442330122 0.081192456 0.014633290 0.097984575 0.718557000 0.557396472 0.404207915
1305031932.932932 2.444342613 0.076597609 0.011147217 0.102230713 0.719885051 0.549444914 0.411612362
1305031932.968787 2.460778475 0.080266908 0.004293651 0.100383781 0.720082223 0.544195831 0.418635398
1305031933.001958 2.469022989 0.082208663 -0.000793992 0.099076390 0.723360538 0.536315441 0.423437327
1305031933.033045 2.471495867 0.084461093 -0.004625774 0.099051602 0.728153050 0.528610587 0.424915016
1305031933.068879 2.476408958 0.089950338 -0.003665084 0.098513983 0.731998801 0.524421871 0.423620671
1305031933.100908 2.479266882 0.093427524 -0.007709992 0.098997608 0.734441340 0.523712218 0.420143783
1305031933.132911 2.476451397 0.094067447 -0.033282515 0.098993786 0.737310588 0.523917913 0.414829224
1305031933.169450 2.480417252 0.097976677 -0.035725493 0.097713090 0.744189680 0.523295105 0.403479993
1305031933.200949 2.485525608 0.103132464 -0.031590544 0.097436629 0.751603782 0.522546589 0.390567482
1305031933.233374 2.492976189 0.105642326 -0.030558746 0.096240081 0.757306039 0.522391737 0.379910946
1305031933.269079 2.496340036 0.107931249 -0.029712854 0.095094413 0.762503147 0.520510554 0.372310042
1305031933.300869 2.498777151 0.108297549 -0.027138362 0.094667390 0.767252743 0.519784153 0.363573611
1305031933.332881 2.500038862 0.109639339 -0.025036450 0.095001668 0.769958138 0.521660507 0.354978144
1305031933.368978 2.498217583 0.113212205 -0.027292684 0.095473677 0.771796465 0.523555994 0.348000258
1305031933.400926 2.500827789 0.120116323 -0.017647810 0.097275101 0.776196778 0.522865593 0.338626146
1305031933.432912 2.494866133 0.122598812 -0.021973118 0.097919650 0.775398076 0.527619362 0.332847506
1305031933.469486 2.496783018 0.124545410 -0.024130257 0.097722016 0.776446760 0.531431556 0.324285924
1305031933.500809 2.495066166 0.125121936 -0.024693055 0.097840503 0.778647780 0.533566654 0.315343499
1305031933.533065 2.486770391 0.131523639 -0.026648194 0.097904980 0.780195594 0.535454512 0.308217317
1305031933.568861 2.474992990 0.140347004 -0.022990320 0.099499620 0.783286572 0.535706222 0.299300522
1305031933.600899 2.470102787 0.146689504 -0.023028810 0.100889713 0.786432087 0.537668169 0.286807865
1305031933.632949 2.461436033 0.151419044 -0.023144694 0.101404488 0.789577544 0.540174007 0.272940487
1305031933.669114 2.461828709 0.150537640 -0.019192433 0.099424452 0.793408990 0.543672383 0.255023986
1305031933.700931 2.452660561 0.156111911 -0.017652525 0.101076663 0.796034276 0.547357917 0.237722978
1305031933.732901 2.446700096 0.157988325 -0.014007018 0.101141617 0.798217773 0.551237524 0.220807388
1305031933.768934 2.440953016 0.162296638 -0.012316326 0.101347461 0.799977541 0.554680943 0.205167189
1305031933.800879 2.435068130 0.159786150 -0.008902670 0.099675797 0.801919281 0.557863235 0.189152762
1305031933.833132 2.428802013 0.155877784 -0.001539688 0.096057549 0.803408563 0.560913026 0.175168902
1305031933.868855 2.426306963 0.156097695 0.008902071 0.091619410 0.804930568 0.563517869 0.161679417
1305031933.900942 2.420830488 0.156143323 0.012835748 0.088973984 0.804363310 0.567855418 0.150411189
1305031933.932925 2.416035652 0.151531041 0.016026681 0.085010476 0.803411722 0.572347820 0.140430868
1305031933.968843 2.411392689 0.150910541 0.022049267 0.082152613 0.802424073 0.576245010 0.131560698
1305031934.000841 2.403887510 0.151269093 0.027961010 0.079914086 0.800922573 0.579894304 0.125934139
1305031934.033000 2.395211458 0.148551866 0.031727858 0.077366374 0.798771024 0.584335506 0.120545894
1305031934.068946 2.386358500 0.148838311 0.040200140 0.073343858 0.798304677 0.586547375 0.115293227
1305031934.100917 2.377834797 0.153124183 0.049629625 0.069784962 0.797927380 0.588698506 0.108977005
1305031934.132845 2.367449045 0.150966838 0.055364452 0.066416360 0.796283901 0.592639685 0.101484105
1305031934.169177 2.358394146 0.146967188 0.061327826 0.062748887 0.795363188 0.595531881 0.093817338
1305031934.200808 2.346617937 0.151472718 0.070671186 0.058522962 0.795177698 0.596977711 0.088798083
1305031934.232870 2.334731340 0.148990870 0.072911926 0.057364695 0.792848766 0.601308465 0.080797836
1305031934.269296 2.327538252 0.140641928 0.075227909 0.055999756 0.790813863 0.605133414 0.072739348
1305031934.300934 2.313599348 0.138821408 0.082496680 0.054744631 0.789479971 0.607189000 0.071033902
1305031934.336871 2.302417278 0.137316719 0.083848819 0.053865220 0.786022961 0.611900330 0.069601744
1305031934.368906 2.289063931 0.134800985 0.085665010 0.053351492 0.784169316 0.614135623 0.071200967
1305031934.400928 2.278756380 0.131830528 0.092581056 0.050433762 0.783835769 0.614406109 0.074585564
1305031934.436865 2.265379667 0.130397692 0.091900006 0.047437534 0.782693565 0.615383267 0.080273867
1305031934.469287 2.250346899 0.129206061 0.092872098 0.042782228 0.784030735 0.612899721 0.088427588
1305031934.501241 2.236802340 0.124678075 0.099923424 0.032606117 0.785961032 0.610063195 0.094999976
1305031934.536876 2.217909336 0.128454879 0.096353680 0.029080361 0.786020100 0.609435797 0.099573039
1305031934.569101 2.205532312 0.123231307 0.098472700 0.024578935 0.788256407 0.606566727 0.100620948
1305031934.600850 2.191228151 0.117549680 0.097978204 0.022514123 0.788469672 0.606216431 0.101540007
1305031934.637030 2.180302382 0.110150017 0.095294110 0.019727988 0.787364125 0.607202709 0.104754277
1305031934.668984 2.161716461 0.113973133 0.093693800 0.017917618 0.789471626 0.602999449 0.113159887
1305031934.700945 2.145163774 0.111560032 0.094387777 0.014240547 0.790982306 0.600126922 0.118287601
1305031934.736903 2.132595539 0.106091864 0.090909228 0.011435680 0.790922165 0.599265277 0.123257577
1305031934.769124 2.115712643 0.105480738 0.090006292 0.007525851 0.792541206 0.595241725 0.132321805
1305031934.801627 2.099809170 0.098883182 0.086365595 0.003997071 0.792419553 0.593942642 0.138879165
1305031934.836769 2.083214521 0.099322461 0.084298931 0.002104352 0.793598354 0.590630651 0.146125555
1305031934.869115 2.065310478 0.096257091 0.081764370 -0.001281583 0.795046926 0.586371422 0.155136362
1305031934.901010 2.049131870 0.092424519 0.076206908 -0.004537994 0.795427799 0.583228648 0.164676800
1305031934.937234 2.029768467 0.093042992 0.075343676 -0.006396332 0.798549891 0.575962424 0.174769536
1305031934.969077 2.012314558 0.092111327 0.071128540 -0.010551866 0.801994741 0.568097770 0.184277013
1305031935.001270 1.996150970 0.089266896 0.065324150 -0.014361876 0.805586874 0.559944391 0.193095431
1305031935.036852 1.979851246 0.088181727 0.060094289 -0.015135135 0.808605552 0.553235650 0.199645385
1305031935.069722 1.963293672 0.085510209 0.054553013 -0.012454475 0.811707497 0.546586990 0.205471441
1305031935.100912 1.945117712 0.080315217 0.047655068 -0.011659240 0.812826633 0.542739630 0.211212188
1305031935.136853 1.929951906 0.080050603 0.041290205 -0.012204446 0.813744724 0.540178955 0.214189857
1305031935.169281 1.914306283 0.081525199 0.034295231 -0.009619331 0.815521955 0.536580205 0.216594264
1305031935.200951 1.900761604 0.082419179 0.028888915 -0.005710850 0.816981316 0.533656657 0.218447894
1305031935.237095 1.886690259 0.080641121 0.023220841 -0.000321413 0.816483617 0.533502042 0.220748678
1305031935.268965 1.874444842 0.081010632 0.015214907 0.004949341 0.815619111 0.533878028 0.222969055
1305031935.300805 1.856990457 0.078013532 0.005822008 0.008014559 0.814851582 0.534399271 0.224432677
1305031935.336810 1.843526006 0.079136908 -0.002983093 0.010752439 0.815237045 0.534971058 0.221537650
1305031935.368827 1.828979731 0.077745132 -0.010417840 0.014947999 0.815926850 0.536212146 0.215676650
1305031935.400848 1.816912055 0.077845536 -0.020596214 0.019827766 0.816174507 0.539021790 0.207175151
1305031935.436887 1.807195425 0.078223914 -0.028843114 0.026209833 0.816886306 0.541211009 0.197738320
1305031935.468890 1.797279596 0.081221938 -0.039055414 0.032771055 0.817481875 0.542804718 0.189769536
1305031935.500863 1.786770463 0.083373368 -0.051662289 0.037744053 0.819803298 0.541450560 0.182562798
1305031935.536900 1.776601911 0.082843825 -0.062507220 0.043361306 0.823292613 0.538198590 0.175075248
1305031935.568783 1.766424060 0.085385956 -0.072045527 0.048393440 0.827897131 0.533453226 0.166349247
1305031935.600963 1.755214214 0.083390638 -0.084142141 0.051259622 0.833869874 0.527178764 0.155293480
1305031935.636916 1.744900227 0.083579600 -0.096573867 0.052756622 0.841916084 0.517763197 0.142532110
1305031935.669100 1.733610034 0.080965117 -0.105508529 0.051959544 0.851673722 0.505482614 0.128216267
1305031935.700948 1.718848109 0.076656103 -0.114872947 0.046893723 0.861117840 0.493107110 0.114553265
1305031935.736900 1.703676462 0.062820196 -0.123307057 0.036483854 0.870714724 0.480377823 0.098802708
1305031935.768974 1.686460257 0.062841356 -0.134437457 0.028110223 0.880439699 0.466550201 0.079791509
1305031935.801178 1.680479407 0.068185054 -0.146412477 0.019399915 0.887509704 0.456213027 0.061805043
1305031935.836877 1.674656391 0.073023587 -0.154060394 0.015366356 0.893522620 0.446361899 0.046283096
1305031935.869025 1.663732052 0.053866558 -0.155502558 0.010203308 0.897753119 0.439009726 0.034723163
1305031935.901144 1.666661620 0.051486775 -0.159718245 0.006911536 0.902133048 0.430844724 0.021931345
1305031935.936825 1.649599791 0.048615832 -0.182923377 0.003119054 0.905543149 0.423946589 0.015848950
1305031935.969109 1.637880802 0.037969906 -0.186419219 -0.001062609 0.909751177 0.415018737 0.010544472
1305031936.000820 1.630335093 0.038797684 -0.195854336 -0.006964018 0.914068699 0.405455858 0.005953772
1305031936.036965 1.625847459 0.034939259 -0.201306581 -0.012374846 0.918113649 0.396123707 0.000450972
1305031936.068809 1.624022007 0.033052292 -0.203008324 -0.017176535 0.921546280 0.387835860 -0.006388515
1305031936.100718 1.611205220 0.035806432 -0.208648905 -0.020308658 0.924538136 0.380336195 -0.012693769
1305031936.137490 1.622686625 0.025069673 -0.211121470 -0.022023132 0.926669240 0.374408513 -0.024848245
1305031936.168897 1.623987913 0.027441131 -0.217177734 -0.022296814 0.928155661 0.370000839 -0.033604942
1305031936.200867 1.599550009 0.038331423 -0.226595819 -0.020975573 0.930582523 0.363458782 -0.038391382
1305031936.237546 1.591801047 0.039699856 -0.232965514 -0.020604959 0.933083653 0.356168568 -0.045544103
1305031936.268981 1.577895641 0.031301357 -0.235272765 -0.019160775 0.934672654 0.351154894 -0.052058484
1305031936.300816 1.572067499 0.035235714 -0.240058199 -0.015044887 0.936863899 0.343980163 -0.061134256
1305031936.336863 1.568347692 0.028690342 -0.246930704 -0.007263361 0.938430607 0.338136196 -0.070421278
1305031936.368927 1.562405229 0.034407157 -0.245625332 -0.000947899 0.940635622 0.330239058 -0.078395687
1305031936.400840 1.551964045 0.036433302 -0.249864876 0.004407894 0.941987932 0.324254304 -0.086593747
1305031936.436777 1.539298534 0.038184561 -0.257339448 0.007979834 0.942993283 0.319618493 -0.092433937
1305031936.468789 1.538230896 0.037615757 -0.260676831 0.010744877 0.943907261 0.314688802 -0.099471577
1305031936.500753 1.527770638 0.029874388 -0.267054379 0.015867636 0.944395542 0.311467469 -0.104179189
1305031936.536847 1.522472143 0.026280887 -0.272409558 0.018486029 0.944960058 0.308300614 -0.107978813
1305031936.569452 1.519425154 0.029869836 -0.274914175 0.021929942 0.945980251 0.304021508 -0.110505141
1305031936.600821 1.513754368 0.036504671 -0.276431650 0.026576914 0.947131634 0.299582690 -0.111738846
1305031936.636879 1.505957365 0.043725133 -0.274788618 0.028436469 0.947982371 0.296643347 -0.111908719
1305031936.668885 1.491817474 0.059384279 -0.275976360 0.026138075 0.949102700 0.292944521 -0.112713747
1305031936.700881 1.486584187 0.063849300 -0.277829349 0.026334459 0.949466646 0.289655179 -0.117980808
1305031936.737504 1.492623329 0.071850002 -0.272036612 0.028134242 0.949227214 0.288282394 -0.122757360
1305031936.768825 1.480377078 0.083589673 -0.275202543 0.027810935 0.948633850 0.290734917 -0.121628612
1305031936.800856 1.477248669 0.087640963 -0.279170901 0.032043934 0.947025418 0.294506341 -0.124024421
1305031936.836845 1.454880595 0.090286873 -0.275664091 0.039794084 0.944941521 0.302079588 -0.119372517
1305031936.868891 1.443444133 0.098661579 -0.278353065 0.043750219 0.941702187 0.312936932 -0.115556456
1305031936.900833 1.440080881 0.111185208 -0.281113476 0.046273038 0.938505411 0.323436737 -0.111602210
1305031936.936914 1.414972067 0.118766412 -0.283236980 0.049006063 0.934365213 0.337939352 -0.101769328
1305031936.968821 1.402642965 0.127487227 -0.286803573 0.050927062 0.929068446 0.353549242 -0.096131355
1305031937.001118 1.398058295 0.140069902 -0.289388448 0.053403977 0.925063968 0.364429802 -0.092712663
1305031937.036874 1.377884150 0.136477754 -0.300981432 0.057174079 0.919083774 0.381073475 -0.082456566
1305031937.068765 1.357725382 0.151183218 -0.306790590 0.064088158 0.913777292 0.394849211 -0.070695855
1305031937.100716 1.354689717 0.166305721 -0.300538987 0.066498592 0.910317481 0.403731525 -0.062456366
1305031937.136838 1.342791796 0.171854049 -0.305814981 0.068991065 0.904914260 0.416314751 -0.055249352
1305031937.168856 1.332666397 0.186962709 -0.300418377 0.072374299 0.900096416 0.426707268 -0.050093260
1305031937.200813 1.322216153 0.190268770 -0.307995081 0.077633418 0.892921090 0.441163898 -0.045159910
1305031937.236893 1.314944386 0.197564855 -0.308994293 0.084275015 0.885817707 0.454611361 -0.039410461
1305031937.268821 1.309394598 0.211579636 -0.303597718 0.088412628 0.879434824 0.466448754 -0.034686949
1305031937.300783 1.293390036 0.227859542 -0.306799710 0.096234560 0.871955574 0.479122102 -0.029569916
1305031937.336862 1.289187312 0.236245707 -0.305191189 0.099096499 0.864552498 0.491994739 -0.025883703
1305031937.368734 1.286524534 0.254099578 -0.290068597 0.099185042 0.860258341 0.499463022 -0.025586369
1305031937.400796 1.279001117 0.263290852 -0.291904390 0.100796536 0.853648245 0.510316789 -0.026485959
1305031937.438211 1.267560244 0.274147958 -0.296034843 0.102066562 0.846045673 0.522722781 -0.023451885
1305031937.468824 1.265880942 0.280930847 -0.295556277 0.102619939 0.839028180 0.533902407 -0.021190366
1305031937.500797 1.268619299 0.289041370 -0.284024298 0.100173511 0.832263410 0.544942021 -0.018469719
1305031937.536931 1.260124087 0.299051434 -0.296520293 0.101528458 0.820805728 0.561882913 -0.016046824
1305031937.568829 1.258755803 0.305888981 -0.294578046 0.103899144 0.810793459 0.575818121 -0.015889853
1305031937.600746 1.254767776 0.321003497 -0.285069436 0.103256807 0.802626252 0.587314487 -0.013814285
1305031937.636891 1.249444127 0.333747894 -0.281860590 0.101425670 0.794694424 0.598306537 -0.014244418
1305031937.668803 1.245989084 0.345423013 -0.277389139 0.100648262 0.785696387 0.610142469 -0.016653502
1305031937.700837 1.236089468 0.361503392 -0.271574169 0.099868655 0.779011667 0.618731022 -0.018413194
1305031937.736899 1.225962162 0.375127852 -0.268649966 0.100157581 0.772011399 0.627341449 -0.020238038
1305031937.768919 1.214482427 0.394042611 -0.258567303 0.099255845 0.767626882 0.632836521 -0.020376487
1305031937.800834 1.212350845 0.401387125 -0.255926013 0.094075315 0.763741016 0.638177037 -0.024074100
1305031937.836877 1.207826972 0.408315837 -0.259467721 0.091953821 0.757500947 0.645645976 -0.029631905
1305031937.868807 1.203815103 0.421893060 -0.251461834 0.089803860 0.753732979 0.650035441 -0.035717864
1305031937.900823 1.198366284 0.434117258 -0.241813332 0.087785676 0.750539422 0.653509438 -0.043699633
1305031937.936960 1.185015559 0.439495236 -0.248636186 0.087901153 0.742455184 0.661923647 -0.053766020
1305031937.968830 1.177224755 0.451408565 -0.247980222 0.086534113 0.736894727 0.667229295 -0.065598115
1305031938.000822 1.168986797 0.461695433 -0.242082909 0.084767863 0.732176006 0.671414256 -0.077042855
1305031938.036945 1.154420972 0.475631118 -0.242613152 0.084592894 0.726720870 0.676126897 -0.087024242
1305031938.068761 1.148248196 0.484194577 -0.237775773 0.082065649 0.723912716 0.677862823 -0.098577678
1305031938.100744 1.143906832 0.483503491 -0.236869484 0.079835147 0.718309224 0.682233393 -0.110525146
1305031938.136885 1.136414766 0.491999924 -0.238169730 0.079761803 0.711132228 0.687269747 -0.124857046
1305031938.168914 1.143846512 0.488155931 -0.244085565 0.080177188 0.702218294 0.692833364 -0.142979294
1305031938.200883 1.137142301 0.495968819 -0.245353520 0.084249549 0.693115175 0.698527575 -0.156692594
1305031938.236878 1.113010168 0.514803946 -0.234928459 0.089022011 0.687735498 0.701297164 -0.165157959
1305031938.268809 1.102662921 0.522792876 -0.243905723 0.090441838 0.679415286 0.705542803 -0.180067927
1305031938.300837 1.095174789 0.528169513 -0.224061757 0.088880949 0.680116057 0.701784074 -0.192461401
1305031938.336900 1.085455179 0.529951990 -0.224991456 0.086711489 0.676440001 0.702247798 -0.204347894
1305031938.368914 1.062188148 0.535825908 -0.217572913 0.088770986 0.674432755 0.701371431 -0.212927803
1305031938.400842 1.062160730 0.538560152 -0.220401034 0.082233705 0.671800137 0.700987756 -0.224807277
1305031938.436889 1.048577547 0.542054534 -0.212146312 0.080587819 0.672206759 0.696944833 -0.236456200
1305031938.468781 1.050470948 0.540649891 -0.218964592 0.075453579 0.670783401 0.694059968 -0.250274003
1305031938.501288 1.032160997 0.540520966 -0.212659732 0.073578700 0.671242476 0.691808760 -0.255773813
1305031938.537028 1.030992985 0.542570055 -0.225394145 0.065168396 0.670711398 0.689089477 -0.266561538
1305031938.568999 1.022426844 0.538210094 -0.210910589 0.056473359 0.677902997 0.680692971 -0.271873921
1305031938.601007 1.019054532 0.534408391 -0.216037184 0.047847535 0.679732561 0.676199794 -0.280050218
1305031938.637299 1.019842029 0.534298658 -0.205592424 0.037939202 0.687525153 0.665474951 -0.288119555
1305031938.668747 1.019119382 0.527043045 -0.207020506 0.028641330 0.693398833 0.656174779 -0.296331555
1305031938.700851 1.011091948 0.519680381 -0.208464310 0.019575020 0.699307203 0.648169458 -0.300770044
1305031938.736859 1.020426631 0.515120447 -0.202425554 0.005410119 0.708885729 0.633552969 -0.309939355
1305031938.769073 1.003766894 0.505028009 -0.216865912 -0.003975579 0.712372303 0.628184497 -0.312880427
1305031938.800781 1.006386876 0.498032123 -0.219194427 -0.018787684 0.720001996 0.615745664 -0.319533020
1305031938.836754 1.006507635 0.495632470 -0.234326765 -0.031673886 0.724154174 0.605762303 -0.328099877
1305031938.869057 1.017783165 0.492967278 -0.237933204 -0.047932960 0.730720043 0.591572464 -0.337331682
1305031938.900976 1.009757876 0.477859497 -0.239461169 -0.059973255 0.737231672 0.580036044 -0.341248959
1305031938.936828 0.996433794 0.460816830 -0.252302557 -0.065648884 0.741102040 0.571089149 -0.346864849
1305031938.969026 0.983065724 0.441528469 -0.263253152 -0.069760107 0.746007264 0.561599791 -0.351016015
1305031939.001030 0.974790990 0.425921053 -0.271409959 -0.073227629 0.750448763 0.553338468 -0.353950322
1305031939.037090 0.974425316 0.414284408 -0.272737950 -0.078674361 0.756352127 0.542189002 -0.357453287
1305031939.069377 0.976554692 0.407379329 -0.272897929 -0.083740726 0.762317955 0.530112982 -0.361716837
1305031939.101368 0.978300869 0.402016997 -0.274636626 -0.087438442 0.768492877 0.516807854 -0.366991550
1305031939.137143 0.979056597 0.394113660 -0.276692480 -0.093608625 0.774621189 0.504196584 -0.370115191
1305031939.168815 0.981992483 0.389044017 -0.274359882 -0.100661680 0.782963634 0.487852573 -0.372605771
1305031939.200865 0.984462738 0.379449755 -0.279824108 -0.103696004 0.788639903 0.475232691 -0.376095891
1305031939.237165 0.983060658 0.365500718 -0.281322420 -0.108725891 0.795722127 0.461699575 -0.376614541
1305031939.268824 0.990332842 0.367632627 -0.284298778 -0.118632756 0.801651597 0.445695281 -0.380311400
1305031939.300842 0.971931994 0.336987197 -0.287446499 -0.120581828 0.808898985 0.437005788 -0.374390662
1305031939.336729 0.975380361 0.336721838 -0.284291446 -0.130626649 0.816554904 0.417397082 -0.376768380
1305031939.368966 0.977818370 0.331099927 -0.281935036 -0.142642707 0.825587392 0.394852072 -0.377028257
1305031939.400848 0.979040146 0.320923656 -0.286441594 -0.148803353 0.831706285 0.378635079 -0.377832860
1305031939.436845 0.979303718 0.311979711 -0.290292144 -0.151515931 0.837043345 0.364902049 -0.378481001
1305031939.468851 0.983773470 0.303602368 -0.298371345 -0.155103937 0.839905560 0.355944872 -0.379215837
1305031939.500839 0.975004494 0.276057005 -0.316163123 -0.150767848 0.841899455 0.355532795 -0.376922786
1305031939.536755 0.973875701 0.265603721 -0.313827544 -0.152483180 0.845642209 0.347446471 -0.375391811
1305031939.568772 0.972782314 0.254851669 -0.315323502 -0.154981092 0.847712934 0.340038747 -0.376480013
1305031939.600838 0.974447548 0.250814319 -0.309746712 -0.157137349 0.850281119 0.330462247 -0.378318161
1305031939.636792 0.978477657 0.243830532 -0.312535346 -0.157669112 0.850496948 0.324826211 -0.382469982
1305031939.668867 0.976171255 0.236822054 -0.310864687 -0.155468956 0.851758182 0.320021302 -0.384608656
1305031939.700830 0.979027510 0.226636961 -0.313684732 -0.152252167 0.850171685 0.319737077 -0.389609486
1305031939.736750 0.981406629 0.227133572 -0.312257439 -0.150889501 0.848564863 0.315271407 -0.397207677
1305031939.768919 0.978815198 0.215551272 -0.303812057 -0.150752068 0.847495198 0.314187258 -0.400389731
1305031939.803671 0.980616093 0.210147366 -0.306220293 -0.150590762 0.842900813 0.314262718 -0.409975082
1305031939.837145 0.978834152 0.203405842 -0.302970588 -0.149826497 0.837809801 0.313761652 -0.420927912
1305031939.869215 0.978527725 0.197093591 -0.306578219 -0.148169503 0.831238747 0.313338578 -0.434634209
1305031939.903633 0.969967544 0.201634064 -0.292396873 -0.147978857 0.828053832 0.308223486 -0.444328010
1305031939.937192 0.966396630 0.188531503 -0.274433017 -0.145166874 0.823006928 0.312213808 -0.451783866
1305031939.968904 0.962253511 0.186079711 -0.270326555 -0.142515674 0.814133823 0.318633854 -0.464055955
1305031940.005582 0.958246052 0.186575562 -0.270781815 -0.140531570 0.802802682 0.325843453 -0.479149997
1305031940.037088 0.949058771 0.185421288 -0.275874615 -0.138634160 0.790990829 0.332853466 -0.494290084
1305031940.068783 0.940838933 0.195064396 -0.278957903 0.140689939 -0.779800534 -0.335531503 0.509446919
1305031940.104265 0.932447612 0.188975096 -0.279189587 0.146921426 -0.768941641 -0.340186596 0.520975888
1305031940.136746 0.926455021 0.191433534 -0.276591748 0.151516929 -0.760532856 -0.338979453 0.532658696
1305031940.168737 0.920252621 0.199731246 -0.277726740 0.155709803 -0.752645612 -0.335446775 0.544751763
1305031940.200829 0.910749495 0.201908097 -0.275845647 0.156953171 -0.746981204 -0.333437979 0.553356886
1305031940.236742 0.904635668 0.201621100 -0.275152773 0.154089004 -0.741534173 -0.332473218 0.562001050
1305031940.269041 0.896555245 0.210106224 -0.277850837 0.151913986 -0.734020770 -0.329565018 0.574040532
1305031940.301146 0.890193760 0.210007280 -0.283858716 0.147745490 -0.723777831 -0.328502953 0.588559866
1305031940.336732 0.887318134 0.207745969 -0.288111269 0.147610128 -0.711401105 -0.328323960 0.603591800
1305031940.369236 0.885265768 0.201462001 -0.281208545 0.142606080 -0.698594332 -0.330033392 0.618633509
1305031940.403665 0.878575504 0.207441881 -0.281523168 0.137086332 -0.683384299 -0.328638583 0.637330353
1305031940.436756 0.873457074 0.212208390 -0.278879315 0.130811229 -0.668909490 -0.325743377 0.655240238
1305031940.468746 0.865841150 0.227269083 -0.277389765 0.124150053 -0.655575633 -0.320319265 0.672460377
1305031940.503804 0.851676166 0.244802132 -0.274260581 0.120710194 -0.643664062 -0.316129148 0.686431348
1305031940.536724 0.850161314 0.249447450 -0.272573471 0.117678881 -0.633836567 -0.313805580 0.697086036
1305031940.568758 0.848294318 0.254501879 -0.268749803 0.113003060 -0.625698268 -0.312102646 0.705920637
1305031940.603364 0.824866593 0.275169671 -0.278018445 0.112740032 -0.613998890 -0.310597241 0.716815472
1305031940.636761 0.817034304 0.276369482 -0.270683676 0.114498980 -0.605846226 -0.308059961 0.724527001
1305031940.668762 0.817206919 0.279608339 -0.270491719 0.114310585 -0.595718026 -0.305399030 0.734019458
1305031940.703222 0.808338463 0.283820987 -0.270518094 0.116615489 -0.585808992 -0.307290256 0.740811288
1305031940.736947 0.799603462 0.290031374 -0.266533554 0.117926747 -0.576918721 -0.306252420 0.747975588
1305031940.768772 0.797013164 0.290807962 -0.262030989 0.117095746 -0.569200933 -0.306069583 0.754069149
1305031940.803047 0.795047402 0.292565435 -0.256228089 0.115685731 -0.561360121 -0.306974739 0.759775043
1305031940.836755 0.779567719 0.298684627 -0.259480059 0.114630021 -0.551406562 -0.309885114 0.766016901
1305031940.869689 0.777511954 0.303562403 -0.240574047 0.113519616 -0.546398461 -0.312409759 0.768740594
1305031940.903305 0.767725646 0.309410244 -0.233469352 0.111638151 -0.537594676 -0.318194687 0.772839546
1305031940.937034 0.754281819 0.316196680 -0.225695372 0.109954484 -0.528526902 -0.323836476 0.776980817
1305031940.968758 0.742044389 0.318097770 -0.224195316 0.107370935 -0.518882930 -0.329428703 0.781478524
1305031941.003160 0.726577401 0.327697635 -0.219807684 0.105851837 -0.509554565 -0.333468199 0.786096990
1305031941.036777 0.711721063 0.332703263 -0.216617152 0.105165452 -0.501839280 -0.338217348 0.789117634
1305031941.071057 0.698788404 0.336466998 -0.213952795 0.103547193 -0.495361835 -0.342470646 0.791586041
1305031941.103422 0.678600192 0.343175650 -0.205763355 0.102406569 -0.489394039 -0.346557170 0.793665171
1305031941.136774 0.664524376 0.350456268 -0.199168071 0.101688959 -0.483027875 -0.348884404 0.796632290
1305031941.171144 0.648610771 0.352630496 -0.195497572 0.097650595 -0.476336569 -0.347603202 0.801710546
1305031941.203508 0.627932847 0.354899973 -0.184723571 0.096834265 -0.470455945 -0.346094370 0.805923700
1305031941.236705 0.611948550 0.362956643 -0.184469283 0.096912101 -0.461102605 -0.342201918 0.812951565
1305031941.271129 0.597049296 0.363294512 -0.177743167 0.095252998 -0.453807175 -0.338261545 0.818880320
1305031941.303362 0.577122986 0.368237615 -0.164418787 0.095956899 -0.446247309 -0.333226860 0.824994206
1305031941.336734 0.559841931 0.368773550 -0.167703703 0.094247073 -0.435568690 -0.326385051 0.833588719
1305031941.371607 0.545051396 0.371083677 -0.171013921 0.089047007 -0.427333623 -0.317266703 0.841901660
1305031941.403845 0.530339777 0.372916043 -0.165965348 0.080319554 -0.421952575 -0.307505041 0.849085033
1305031941.436799 0.510569036 0.371780008 -0.166579694 0.068964444 -0.415517032 -0.295924664 0.857331932
1305031941.469611 0.492088854 0.366723925 -0.167522997 0.056629531 -0.411788046 -0.280326396 0.865240335
1305031941.501458 0.485230774 0.375555336 -0.153190553 0.051837005 -0.410675794 -0.270498097 0.869188786
1305031941.537220 0.469449937 0.376834273 -0.142062947 0.049145162 -0.404460877 -0.265525907 0.873780370
1305031941.570287 0.460165381 0.379095882 -0.128272861 0.049960006 -0.396528572 -0.260562658 0.878849328
1305031941.603047 0.447338313 0.384568423 -0.138861954 0.049177919 -0.379865766 -0.255721390 0.887631714
1305031941.636822 0.445540905 0.405673265 -0.125656337 0.051103134 -0.369300008 -0.250285834 0.893511593
1305031941.671554 0.419073522 0.386855066 -0.124099724 0.040654399 -0.355499625 -0.246357962 0.900708020
1305031941.703763 0.404422909 0.382466257 -0.118276194 0.039602522 -0.346000314 -0.240475342 0.906028152
1305031941.736866 0.397471577 0.387515068 -0.125913978 0.041468613 -0.335700810 -0.237210676 0.910668135
1305031941.768815 0.386605293 0.389138252 -0.122251615 0.041378424 -0.327945828 -0.236588433 0.913654864
1305031941.800820 0.370675951 0.394978255 -0.119749494 0.044124749 -0.320083410 -0.237867013 0.915979743
1305031941.836848 0.352805942 0.396594703 -0.120727666 0.046903115 -0.313126117 -0.238391802 0.918107510
1305031941.871813 0.339004546 0.402948976 -0.116463415 0.051066313 -0.309019506 -0.237276748 0.919564486
1305031941.902976 0.317218691 0.401819646 -0.116312034 0.055339415 -0.303527236 -0.236263543 0.921405613
1305031941.936760 0.304823101 0.409269154 -0.121581413 0.062601984 -0.299411625 -0.232832447 0.923159122
1305031941.971057 0.290802062 0.417379200 -0.115730099 0.069845945 -0.297122389 -0.228576228 0.924441814
1305031942.003141 0.274044633 0.429270685 -0.125103742 0.077225462 -0.292183965 -0.224475443 0.926431596
1305031942.036729 0.251968771 0.431425720 -0.130914316 0.080191143 -0.289768547 -0.221944466 0.927547455
1305031942.071082 0.245431557 0.447083324 -0.134410203 0.086799674 -0.291815609 -0.220800415 0.926583350
1305031942.100691 0.236186773 0.460150689 -0.136751592 0.083871186 -0.289849848 -0.224067301 0.926685750
1305031942.136758 0.223035410 0.468277246 -0.126219422 0.079515003 -0.287416220 -0.229839131 0.926414192
1305031942.170749 0.211024657 0.477171242 -0.123802327 0.080854103 -0.284181952 -0.232901454 0.926531255
1305031942.203108 0.199478254 0.485323787 -0.125550762 0.077285230 -0.279185504 -0.235920653 0.927590370
1305031942.238994 0.188818902 0.488224149 -0.113958754 0.074559003 -0.276248455 -0.240131930 0.927612245
1305031942.271105 0.176403821 0.498470306 -0.119454108 0.072298922 -0.269229352 -0.240471289 0.929764450
1305031942.303257 0.162999541 0.506139696 -0.116999969 0.062168948 -0.263363630 -0.241715863 0.931851923
1305031942.337047 0.151851818 0.513798356 -0.114771493 0.056070443 -0.259861946 -0.241377264 0.933308601
1305031942.370761 0.150235236 0.525092065 -0.111293644 0.048252296 -0.258750141 -0.239157915 0.934624851
1305031942.402939 0.140749723 0.529926658 -0.102034688 0.041373543 -0.259912878 -0.242343292 0.933811128
1305031942.439262 0.128307194 0.528480113 -0.092839390 0.039279096 -0.262200028 -0.246872962 0.932074070
1305031942.471958 0.123805210 0.531224310 -0.086795688 0.042962458 -0.264098555 -0.248090521 0.931051731
1305031942.503553 0.111720905 0.535497487 -0.084756866 0.041517105 -0.262709320 -0.247050256 0.931786656
1305031942.539453 0.100923568 0.532727361 -0.077126004 0.040220074 -0.265590400 -0.246649623 0.931132674
1305031942.571867 0.093508385 0.534889162 -0.075561076 0.042046208 -0.269200236 -0.247117698 0.929890394
1305031942.601448 0.088866487 0.538171709 -0.071234331 0.043331943 -0.274054170 -0.248248398 0.928110659
1305031942.639942 0.080540158 0.543788671 -0.067300014 0.044362433 -0.276841700 -0.249783382 0.926821947
1305031942.669006 0.075809479 0.548585653 -0.064641930 0.042491838 -0.280492723 -0.254141927 0.924624324
1305031942.704015 0.066045813 0.543462396 -0.053875498 0.037076022 -0.284879535 -0.261944413 0.921332836
1305031942.739812 0.058540147 0.542753637 -0.048432201 0.034571502 -0.286047846 -0.268335432 0.919226587
1305031942.771708 0.047443051 0.537722647 -0.040091265 0.030241460 -0.286073685 -0.271412671 0.918467462
1305031942.801557 0.031185141 0.531918406 -0.037472714 0.028625082 -0.282972008 -0.276268691 0.918032169
1305031942.841042 0.026138557 0.533830881 -0.029416671 0.027504783 -0.283161402 -0.276629120 0.917899489
1305031942.868828 0.018991578 0.534487426 -0.023480015 0.026294468 -0.286030024 -0.277780235 0.916697085
1305031942.903960 0.014361762 0.534297645 -0.016369969 0.023601895 -0.289724946 -0.279428095 0.915107846
1305031942.936816 -0.000819940 0.530232072 -0.011904774 0.019871030 -0.289837331 -0.283802539 0.913813770
1305031942.970936 -0.004376793 0.527358353 -0.005182564 0.021341350 -0.291238874 -0.286679000 0.912436068
1305031943.001103 -0.014488691 0.521740258 -0.000904311 0.020196777 -0.291225642 -0.288810045 0.911794126
1305031943.039961 -0.025547141 0.515891671 0.003745099 0.020996239 -0.294655114 -0.292586088 0.909467399
1305031943.071743 -0.024115637 0.513988495 0.007865458 0.021941720 -0.299698144 -0.294647694 0.907128632
1305031943.104177 -0.030684218 0.506258488 0.015743967 0.019577010 -0.302387655 -0.298073679 0.905168772
1305031943.139521 -0.037677459 0.499905556 0.022213480 0.019450493 -0.303810596 -0.297863632 0.904764056
1305031943.171912 -0.039908763 0.488484412 0.029638635 0.017227782 -0.306098044 -0.295947582 0.904666901
1305031943.201564 -0.046265509 0.477650940 0.036553405 0.016206900 -0.306994498 -0.294983894 0.904696763
1305031943.240004 -0.050178312 0.464603156 0.043802053 0.015914671 -0.308286488 -0.294652551 0.904370546
1305031943.271805 -0.055691242 0.453123093 0.050951008 0.015833316 -0.309636354 -0.292503506 0.904608369
1305031943.303965 -0.061929855 0.439677835 0.058182407 0.019271584 -0.312763751 -0.292277277 0.903538287
1305031943.339941 -0.066766456 0.419630766 0.062619857 0.021763915 -0.316501617 -0.290131569 0.902871370
1305031943.371774 -0.069424994 0.404688448 0.067003965 0.027184190 -0.320122242 -0.287313640 0.902348936
1305031943.404245 -0.072889775 0.393404782 0.071619794 0.032946151 -0.323445588 -0.283008486 0.902332366
1305031943.440153 -0.073885918 0.373338491 0.074723750 0.039128184 -0.328089178 -0.281478852 0.900886297
1305031943.471431 -0.077004902 0.356319070 0.073086761 0.043856405 -0.329220206 -0.281157315 0.900356174
1305031943.501108 -0.079844899 0.336175770 0.075429738 0.045248315 -0.330651850 -0.278400123 0.900619388
1305031943.539525 -0.082408249 0.321599931 0.075722821 0.051071413 -0.331761390 -0.275957584 0.900651693
1305031943.570021 -0.081172064 0.311938614 0.075727344 0.056990169 -0.332389742 -0.272633821 0.901077092
1305031943.607467 -0.079352975 0.300615489 0.076163046 0.058093872 -0.332743555 -0.270388484 0.901552498
1305031943.638026 -0.081684843 0.283561230 0.074411340 0.054976687 -0.330651224 -0.271222621 0.902266920
1305031943.671504 -0.084040217 0.269770920 0.077860951 0.058901604 -0.329608530 -0.270725638 0.902549982
1305031943.707251 -0.087662280 0.251488745 0.076178059 0.066483431 -0.330922216 -0.267877817 0.902392387
1305031943.739428 -0.086127453 0.240570709 0.073706895 0.077395625 -0.332614720 -0.267035395 0.901148975
1305031943.771329 -0.086922422 0.233672693 0.072460234 0.084971048 -0.333815664 -0.266832024 0.900082052
1305031943.806822 -0.090077102 0.224793866 0.069588766 0.091283709 -0.335443556 -0.267531574 0.898649991
1305031943.837754 -0.093287483 0.212293044 0.067383058 0.094897062 -0.337184012 -0.268653631 0.897288561
1305031943.868873 -0.095725693 0.203703299 0.063632876 0.103271075 -0.340762526 -0.269061536 0.894886494
1305031943.907218 -0.095717654 0.195747167 0.063728198 0.113149434 -0.345820189 -0.269495994 0.891615152
1305031943.936768 -0.109888308 0.161535352 0.049334086 0.110622369 -0.348996341 -0.269006670 0.890842080
1305031943.971278 -0.108533472 0.154001713 0.050046671 0.124066874 -0.355792105 -0.265097827 0.887548625
1305031944.007760 -0.102194220 0.157482773 0.053887248 0.136770859 -0.357485384 -0.260801584 0.886273384
1305031944.040486 -0.104973905 0.137103558 0.048466355 0.141721264 -0.354987502 -0.254738748 0.888260722
1305031944.070886 -0.099619798 0.131390870 0.049091298 0.153868333 -0.352207929 -0.245372072 0.889981270
1305031944.107390 -0.096533507 0.132734314 0.047209013 0.165707052 -0.346875191 -0.235140890 0.892708004
1305031944.139656 -0.102298260 0.130106494 0.036376148 0.173777089 -0.340119302 -0.225948960 0.896140337
1305031944.171370 -0.096500389 0.128496572 0.041439321 0.181331918 -0.339610398 -0.218553916 0.896670341
1305031944.206998 -0.085721418 0.133659124 0.042713918 0.188620135 -0.339633852 -0.211460546 0.896858811
1305031944.239334 -0.085953303 0.129223585 0.038837899 0.190123841 -0.337329537 -0.206637576 0.898533583
1305031944.270963 -0.078634888 0.130206019 0.039806571 0.193494141 -0.334848225 -0.201179773 0.899979651
1305031944.306934 -0.069708556 0.127381712 0.039533306 0.195463449 -0.331274539 -0.194782272 0.902281046
1305031944.339308 -0.069124132 0.131670579 0.034095038 0.198647782 -0.322902769 -0.187739789 0.906105220
1305031944.370745 -0.061141524 0.135231063 0.037787341 0.200626388 -0.316734999 -0.178924978 0.909622908
1305031944.406233 -0.052878708 0.128916860 0.031758893 0.197648510 -0.309764087 -0.171002626 0.914187849
1305031944.438724 -0.026284708 0.137262821 0.046975501 0.197449207 -0.304597557 -0.158658236 0.918183923
1305031944.471304 -0.021914186 0.123922735 0.042842250 0.188405588 -0.291126698 -0.146964595 0.926363826
1305031944.506947 -0.016467201 0.119486772 0.036151968 0.186592817 -0.275569439 -0.137634262 0.932899475
1305031944.539069 -0.014098993 0.137811527 0.034983594 0.189170361 -0.258987486 -0.129118890 0.938332736
1305031944.571530 -0.022110136 0.136188015 0.023603950 0.183374539 -0.242760897 -0.123205237 0.944595873
1305031944.607229 -0.010804439 0.138750315 0.022829575 0.177961722 -0.233294830 -0.119101174 0.948534667
1305031944.639625 -0.004401195 0.138197958 0.019424189 0.171139553 -0.222303897 -0.116970554 0.952685714
1305031944.671779 0.028494779 0.134736046 0.021978578 0.164017648 -0.217245564 -0.116189435 0.955197692
1305031944.707774 0.032566227 0.133888677 0.020315807 0.154294908 -0.200499818 -0.115863249 0.960504413
1305031944.739941 0.026435971 0.129328609 0.022398015 0.147604793 -0.181938916 -0.111532167 0.965749264
1305031944.769058 0.027333805 0.136813775 0.005543150 0.146737188 -0.164204136 -0.107998796 0.969454229
1305031944.807919 0.028574962 0.139457360 0.000635170 0.142994121 -0.151392177 -0.104954123 0.972428799
1305031944.839956 0.037126400 0.130905047 0.007836198 0.135756060 -0.144346133 -0.104360349 0.974599063
1305031944.875719 0.043862145 0.130893305 0.010782159 0.130268231 -0.137747377 -0.099766888 0.976781666
1305031944.904670 0.052284226 0.131051794 0.006538551 0.127288312 -0.130731121 -0.097863853 0.978330076
1305031944.939702 0.057175513 0.128297582 0.008773114 0.122738309 -0.121595278 -0.097541556 0.980120182
1305031944.969076 0.055715799 0.109200433 0.004172011 0.117194220 -0.111861169 -0.094766490 0.982228041
1305031945.007437 0.059864640 0.083585702 0.004530889 0.121232606 -0.108341582 -0.083691478 0.983138084
1305031945.039937 0.062260482 0.078097120 -0.000554533 0.139300078 -0.105872013 -0.075070262 0.981708229
1305031945.069177 0.068068333 0.082432061 -0.003815789 0.156936556 -0.107400365 -0.066838615 0.979473710
1305031945.107523 0.074147798 0.064690158 -0.007925998 0.170870408 -0.112944126 -0.059090849 0.977013409
1305031945.136772 0.077810362 0.070499025 -0.009358856 0.194599703 -0.116027601 -0.056732830 0.972342491
1305031945.168992 0.088899076 0.069163196 -0.010279603 0.212597609 -0.122172005 -0.055215687 0.967898488
1305031945.207107 0.095162190 0.069785714 -0.008281848 0.231093481 -0.125368729 -0.058781315 0.963028193
1305031945.238859 0.103998944 0.071130119 -0.005172095 0.243634969 -0.123376340 -0.061962079 0.959990084
1305031945.269070 0.106995977 0.069101259 -0.010555410 0.249390706 -0.118076630 -0.064799733 0.958990693
1305031945.306358 0.112647429 0.059496265 -0.010112161 0.255408347 -0.118457958 -0.063150585 0.957468688
1305031945.338940 0.122053176 0.057426047 -0.013013611 0.266514271 -0.122872874 -0.059927113 0.954086542
1305031945.369056 0.122094527 0.059650674 -0.014742888 0.274253875 -0.126491532 -0.057777405 0.951549530
1305031945.406657 0.125041008 0.050185744 -0.017604752 0.280211806 -0.133212298 -0.056251783 0.948984504
1305031945.436818 0.135638118 0.036655854 -0.020394083 0.291728914 -0.140812352 -0.057410460 0.944335818
1305031945.469167 0.157770082 0.041199587 -0.013898388 0.304535091 -0.147424504 -0.058413658 0.939208329
1305031945.506438 0.166813612 0.042858504 -0.008049044 0.311426222 -0.148334965 -0.062010307 0.936570942
1305031945.538422 0.170914158 0.030575179 -0.005802773 0.317830175 -0.145054683 -0.063997857 0.934798062
1305031945.569071 0.181943506 0.039921217 0.003828299 0.329854816 -0.138695002 -0.062174361 0.931715548
1305031945.606029 0.189242363 0.043196060 -0.000688355 0.330121368 -0.130948484 -0.060238924 0.932868481
1305031945.638298 0.210803226 0.048935171 0.000749626 0.329665184 -0.131039426 -0.056898456 0.933226764
1305031945.669116 0.221208110 0.058772534 0.012553468 0.328913242 -0.129258528 -0.055828679 0.933804870
1305031945.706215 0.256698966 0.060052063 0.026222304 0.323704481 -0.132815510 -0.054432206 0.935207188
1305031945.738673 0.268223107 0.052796241 0.023514697 0.316859931 -0.128039464 -0.056792673 0.938072622
1305031945.769045 0.271957040 0.063037857 0.030320514 0.311246753 -0.120765939 -0.054933622 0.941022515
1305031945.806240 0.299248815 0.075118840 0.036080550 0.301209629 -0.117590100 -0.054366469 0.944716692
1305031945.838266 0.303793818 0.076112516 0.044740193 0.290134579 -0.111858487 -0.053845152 0.948899508
1305031945.869258 0.323939949 0.079769373 0.030282794 0.273532927 -0.106707811 -0.054983035 0.954342723
1305031945.909177 0.351367235 0.093637824 0.046461023 0.255996913 -0.105332635 -0.048178352 0.959713221
1305031945.936806 0.357557327 0.089181267 0.042162739 0.235839337 -0.095690876 -0.045815326 0.965983450
1305031945.969300 0.348111242 0.096520171 0.067014001 0.221859053 -0.082404077 -0.044291195 0.970580459
1305031946.005983 0.357105196 0.098291308 0.070637435 0.202936724 -0.069834590 -0.040966470 0.975838900
1305031946.037278 0.367665052 0.100909002 0.073558219 0.185758248 -0.058737330 -0.036013085 0.980176926
1305031946.069057 0.363338500 0.104413025 0.073260248 0.172679037 -0.046000119 -0.029835572 0.983450949
1305031946.107140 0.366974473 0.105155282 0.075276077 0.161626950 -0.035338506 -0.024111370 0.985924184
1305031946.137054 0.352715015 0.106246687 0.074523650 0.153060690 -0.023208003 -0.019399239 0.987753749
1305031946.168867 0.353199929 0.114275917 0.068208814 0.148936093 -0.015047613 -0.019017639 0.988549411
1305031946.207043 0.358518839 0.122985654 0.066811398 0.143638507 -0.009357897 -0.016586129 0.989446998
1305031946.237369 0.364545852 0.126577631 0.062234852 0.135663971 -0.006944586 -0.013668655 0.990636289
1305031946.268902 0.375154018 0.128230646 0.056042444 0.127501592 -0.007476619 -0.015320844 0.991691828
1305031946.306775 0.377419740 0.140292853 0.047165502 0.120811269 -0.011252807 -0.019181967 0.992426336
1305031946.337036 0.383130342 0.148529559 0.037957568 0.112205125 -0.016547719 -0.023444025 0.993270636
1305031946.369021 0.387620747 0.160093144 0.028304789 0.105114639 -0.019214746 -0.027231760 0.993901491
1305031946.406520 0.390556961 0.169780061 0.016154589 0.098266967 -0.021533675 -0.030865785 0.994448185
1305031946.437150 0.395445555 0.178057015 0.002695217 0.093437031 -0.025169570 -0.031559981 0.994806528
1305031946.468964 0.399378508 0.191229463 -0.013146591 0.090434358 -0.028148720 -0.031379148 0.995009899
1305031946.506586 0.404811323 0.204978511 -0.024903351 0.087969974 -0.031108096 -0.032188483 0.995116830
1305031946.537148 0.409639567 0.216268748 -0.038224500 0.086473815 -0.031705726 -0.032179043 0.995229423
1305031946.569238 0.415660381 0.228651404 -0.053022925 0.085813262 -0.030811617 -0.030423924 0.995369852
1305031946.606469 0.422012746 0.235983938 -0.070238769 0.082356453 -0.028108157 -0.027698325 0.995821357
1305031946.637163 0.429401338 0.249505281 -0.080743946 0.083855569 -0.024042381 -0.025874151 0.995851755
1305031946.669089 0.434407920 0.260112971 -0.095361404 0.083776049 -0.019026687 -0.025566259 0.995974839
1305031946.706515 0.437879741 0.270923167 -0.109871872 0.084508166 -0.012934609 -0.026298763 0.995991707
1305031946.737134 0.440574914 0.284553945 -0.120980985 0.084487565 -0.008804481 -0.027555333 0.996004581
1305031946.769059 0.444666564 0.294195354 -0.136831909 0.080434419 -0.005899453 -0.028474234 0.996335626
1305031946.806647 0.451535881 0.304522455 -0.149685249 0.076940894 -0.002594683 -0.027908374 0.996641636
1305031946.837100 0.451503217 0.310791522 -0.164434090 0.072897419 0.001654482 -0.026331792 0.996990383
1305031946.869090 0.455305845 0.315265208 -0.178007767 0.071364619 0.002893309 -0.027324339 0.997071743
1305031946.906602 0.453838617 0.327721596 -0.188819781 0.073814429 0.002525716 -0.027911689 0.996878088
1305031946.937151 0.460921496 0.334273100 -0.203411341 0.072232209 -0.002836968 -0.026652617 0.997027636
1305031946.969064 0.467340320 0.344951719 -0.216473922 0.069617517 -0.005006725 -0.028059563 0.997166455
1305031947.006827 0.469359100 0.347594321 -0.227937609 0.063596748 -0.006946238 -0.028975770 0.997530758
1305031947.037000 0.479940772 0.354054868 -0.237444222 0.061436534 -0.011913396 -0.030420622 0.997576118
1305031947.068973 0.489823103 0.356737733 -0.246503621 0.059002988 -0.012762725 -0.030705014 0.997703850
1305031947.106644 0.501550615 0.358214438 -0.255163610 0.059820186 -0.013147057 -0.034302585 0.997532964
1305031947.137044 0.516139030 0.369794637 -0.259451270 0.063025877 -0.011571567 -0.036323518 0.997283518
1305031947.169117 0.523055553 0.373460352 -0.263187259 0.061077118 -0.007523082 -0.034132455 0.997520924
1305031947.204982 0.532553911 0.374636024 -0.266878545 0.060122333 -0.006837921 -0.033397809 0.997608721
1305031947.237001 0.542774677 0.376885504 -0.270326406 0.059764184 -0.007196028 -0.034335785 0.997595847
1305031947.269076 0.551981747 0.383335233 -0.268367976 0.059078209 -0.008754381 -0.039655749 0.997426987
1305031947.304951 0.568816125 0.391516417 -0.268225372 0.054601341 -0.012777905 -0.044533182 0.997432828
1305031947.336945 0.579236865 0.385760158 -0.267008424 0.045777466 -0.015125389 -0.048720274 0.997648239
1305031947.368991 0.594503164 0.382631451 -0.263543040 0.042298336 -0.020274723 -0.059084252 0.997150362
1305031947.405013 0.609134555 0.383874834 -0.263165921 0.041779447 -0.025055747 -0.066695161 0.996583402
1305031947.437038 0.623011231 0.377105057 -0.260349423 0.038974419 -0.031318147 -0.069505267 0.996327877
1305031947.469273 0.639060557 0.367329031 -0.255681604 0.041481376 -0.039541855 -0.072891839 0.995692015
1305031947.504994 0.651160717 0.368370742 -0.255360097 0.048548542 -0.048123214 -0.080424659 0.994413912
1305031947.537022 0.670145512 0.375178188 -0.251213580 0.054666776 -0.059326850 -0.086498342 0.992980361
1305031947.568989 0.686265171 0.370111078 -0.250692815 0.053925961 -0.072179466 -0.092867382 0.991593540
1305031947.605177 0.706057012 0.368516684 -0.248630494 0.055723179 -0.085446276 -0.106174856 0.989100993
1305031947.637085 0.728741884 0.361193180 -0.247209474 0.057459690 -0.097237036 -0.117978536 0.986572087
1305031947.669011 0.745019794 0.359136671 -0.243821979 0.062998064 -0.108391978 -0.126125976 0.984060287
1305031947.705153 0.765625954 0.354466110 -0.243148625 0.069505341 -0.123374328 -0.138936341 0.980124712
1305031947.736979 0.787743866 0.350941896 -0.241831020 0.076404817 -0.136741042 -0.152170807 0.975862801
1305031947.769041 0.809314787 0.345837891 -0.241352051 0.084792174 -0.148710832 -0.164083466 0.971479297
1305031947.804941 0.835494816 0.357806236 -0.233866498 0.094949357 -0.156909779 -0.173467621 0.967611969
1305031947.837022 0.848363280 0.347735405 -0.232121930 0.095681354 -0.163309678 -0.181089401 0.965081155
1305031947.868988 0.871056914 0.351667494 -0.230273560 0.104100242 -0.172785863 -0.191875890 0.960464358
1305031947.904995 0.885514617 0.350115389 -0.226045251 0.105031647 -0.178960070 -0.201139495 0.957332015
1305031947.937025 0.901317477 0.352362692 -0.220752582 0.109168544 -0.187269166 -0.209711060 0.953432620
1305031947.968976 0.918438673 0.354112834 -0.217631727 0.109031722 -0.193733647 -0.217568964 0.950391054
1305031948.004911 0.931293368 0.348464727 -0.213280275 0.105627544 -0.198949903 -0.223689690 0.948274553
1305031948.037003 0.945916533 0.342379510 -0.207436770 0.105583973 -0.204967916 -0.227950782 0.945980251
1305031948.068973 0.963258803 0.336483151 -0.201091126 0.107393667 -0.209593356 -0.229582027 0.944367170
1305031948.104993 0.972244918 0.335482061 -0.196709394 0.110247202 -0.211559623 -0.230902895 0.943277240
1305031948.136951 0.985309720 0.329876572 -0.192203954 0.109939694 -0.217806980 -0.231665075 0.941703081
1305031948.168952 0.994803131 0.323246717 -0.184291974 0.110940345 -0.224640369 -0.235752791 0.938961983
1305031948.204992 1.008027077 0.318260700 -0.174682602 0.113093928 -0.232563660 -0.241738170 0.935246766
1305031948.237002 1.020271420 0.315738201 -0.165587559 0.114783049 -0.239474803 -0.247886956 0.931680560
1305031948.269041 1.029010653 0.309064746 -0.156773269 0.113463156 -0.246512145 -0.251654059 0.928993046
1305031948.304939 1.043258548 0.300343335 -0.145495608 0.111689433 -0.254768997 -0.252519131 0.926742852
1305031948.337101 1.065104842 0.287960976 -0.134302735 0.107476749 -0.260433346 -0.250525147 0.926207542
1305031948.368969 1.075883389 0.275750071 -0.120124087 0.103517994 -0.259332478 -0.250685722 0.926923573
1305031948.404989 1.089423537 0.267150015 -0.107522383 0.102965504 -0.258208871 -0.251388490 0.927108467
1305031948.436942 1.105511427 0.259011298 -0.090547435 0.098839082 -0.256366432 -0.252267003 0.927829981
1305031948.469170 1.111679435 0.246064320 -0.073816627 0.092097893 -0.253748655 -0.252390623 0.929208577
1305031948.505024 1.123602033 0.234057695 -0.059954163 0.087470978 -0.253377646 -0.253161460 0.929547131
1305031948.537017 1.137169838 0.219265342 -0.042539105 0.082302563 -0.252706826 -0.255313218 0.929613233
1305031948.568891 1.145996809 0.204338521 -0.027982289 0.078965209 -0.249148771 -0.257764578 0.930186450
1305031948.605001 1.160239816 0.194790587 -0.016011804 0.079751275 -0.246091947 -0.261714280 0.929830134
1305031948.636912 1.169010878 0.181400716 -0.003040031 0.076561034 -0.241146550 -0.266677976 0.929983616
1305031948.669040 1.180903316 0.167852566 0.010171087 0.075602800 -0.238722041 -0.271203488 0.929378629
1305031948.705075 1.194611549 0.159889624 0.024765862 0.075595237 -0.234216407 -0.276331931 0.929014921
1305031948.737063 1.199532509 0.151412472 0.036010411 0.073207833 -0.225965992 -0.279212624 0.930387199
1305031948.768899 1.212155342 0.141943440 0.051100083 0.069709040 -0.224011466 -0.277980179 0.931496918
1305031948.804975 1.225114584 0.132695198 0.063826919 0.064682662 -0.220449492 -0.276628941 0.933110178
1305031948.837073 1.238190174 0.125670940 0.075211816 0.059344944 -0.216139942 -0.275063694 0.934934080
1305031948.868835 1.252948523 0.122754604 0.092135474 0.051990461 -0.212971270 -0.272152573 0.936948895
1305031948.905077 1.260313749 0.115270332 0.103751078 0.038956493 -0.207130462 -0.269964874 0.939520299
1305031948.936996 1.264832616 0.108918175 0.114764020 0.026942020 -0.202946126 -0.267048091 0.941685855
1305031948.968952 1.278213024 0.106669255 0.128441781 0.013851911 -0.202993721 -0.268326014 0.941595912
1305031949.005006 1.286191463 0.101714462 0.142829731 -0.003282993 -0.202104598 -0.270328075 0.941310585
1305031949.037089 1.296632171 0.096893795 0.159167960 -0.018712834 -0.200593412 -0.272159100 0.940925896
1305031949.069061 1.302952766 0.094448291 0.172400415 -0.033842899 -0.194891289 -0.274961054 0.940887034
1305031949.105077 1.308278918 0.094718352 0.184228033 -0.046575774 -0.193000376 -0.277870685 0.939877331
1305031949.137263 1.311552405 0.093587533 0.197833210 -0.062098999 -0.193564624 -0.283424228 0.937201798
1305031949.168946 1.320576549 0.089117415 0.210797995 -0.074075080 -0.200584233 -0.288753599 0.933220387
1305031949.204940 1.327873230 0.086509250 0.222471312 -0.084784195 -0.208451673 -0.295050770 0.928603590
1305031949.237011 1.334401727 0.080652706 0.234550595 -0.096467748 -0.217064410 -0.305293560 0.922156632
1305031949.268994 1.341788173 0.078212716 0.244098872 -0.103782058 -0.224980295 -0.314926744 0.916206479
1305031949.305254 1.348481774 0.068535946 0.255635262 -0.111467652 -0.234020591 -0.325139821 0.909446776
1305031949.337227 1.358327150 0.067010641 0.264679223 -0.111294851 -0.241794348 -0.332944393 0.904597700
1305031949.368902 1.368384957 0.062590018 0.273988515 -0.114003785 -0.247588083 -0.344878227 0.898199499
1305031949.405064 1.379144192 0.048139829 0.285729915 -0.119844228 -0.254253000 -0.357020676 0.890802443
1305031949.437094 1.386978269 0.039436121 0.292644918 -0.116668135 -0.259202152 -0.365221977 0.886462450
1305031949.468902 1.395638347 0.030472860 0.297534496 -0.114271432 -0.265879095 -0.373586714 0.881296396
1305031949.505002 1.401198387 0.023676181 0.301159501 -0.112668298 -0.270757765 -0.379789352 0.877357483
1305031949.537017 1.404375792 0.008723223 0.304023355 -0.113796048 -0.277276635 -0.384627938 0.873057544
1305031949.568988 1.406133056 -0.006536788 0.304627270 -0.110294007 -0.285984308 -0.388610035 0.868924856
1305031949.604798 1.414468527 -0.014995836 0.306609869 -0.099206723 -0.297495306 -0.392802149 0.864500463
1305031949.637172 1.410576820 -0.031281251 0.306224883 -0.094691388 -0.303546041 -0.398290634 0.860382438
1305031949.668955 1.411820412 -0.049803317 0.305895716 -0.086136572 -0.314180940 -0.399118006 0.857073903
1305031949.705003 1.416322351 -0.059540153 0.304709941 -0.069863632 -0.322494477 -0.400420249 0.854856730
1305031949.736949 1.418604255 -0.070546806 0.304116696 -0.057469506 -0.328390449 -0.399875194 0.853789687
1305031949.768985 1.416538358 -0.084930182 0.300974101 -0.045709062 -0.333463103 -0.396372110 0.854167581
1305031949.804939 1.418416977 -0.095161565 0.299089253 -0.029305262 -0.340220064 -0.392298877 0.854103684
1305031949.836964 1.416364074 -0.108877361 0.295317382 -0.014531757 -0.345653892 -0.390338928 0.853198528
1305031949.868951 1.416635871 -0.120894618 0.292036027 0.001354632 -0.353350610 -0.384523511 0.852809012
1305031949.904851 1.420021176 -0.133678749 0.291820437 0.020028690 -0.362884820 -0.379665971 0.850745082
1305031949.936858 1.421967864 -0.144240364 0.285321236 0.040282492 -0.365363330 -0.377394140 0.849976838
1305031949.968881 1.430174232 -0.158179030 0.286108345 0.055492386 -0.369296372 -0.368422627 0.851355076
1305031950.004952 1.431986332 -0.167485565 0.284631908 0.073648855 -0.368773967 -0.359682292 0.853938043
1305031950.036989 1.432602048 -0.183657393 0.283313930 0.088660613 -0.368539274 -0.349201053 0.856957853
1305031950.069081 1.432890773 -0.197831377 0.282017797 0.104278907 -0.367482781 -0.335989982 0.860925674
1305031950.104966 1.428453445 -0.221848950 0.276836902 0.115865797 -0.366632581 -0.323568285 0.864557266
1305031950.136997 1.421544194 -0.240968749 0.271240026 0.135480672 -0.367507160 -0.305906087 0.867758572
1305031950.168914 1.425508738 -0.250836045 0.271053493 0.162687197 -0.371927917 -0.286971271 0.867669284
1305031950.204933 1.429085732 -0.262590915 0.269356459 0.187179849 -0.374433070 -0.268321037 0.867621720
1305031950.237027 1.431010604 -0.272387326 0.266741514 0.213703647 -0.375092089 -0.253367901 0.865702808
1305031950.269033 1.436820865 -0.279855072 0.271526605 0.235282823 -0.376569480 -0.240814120 0.863044560
1305031950.304978 1.440760970 -0.282956541 0.265070140 0.255163282 -0.373676509 -0.234869748 0.860287011
1305031950.337197 1.436477661 -0.293518096 0.262601793 0.271777391 -0.371888489 -0.229022428 0.857545733
1305031950.368911 1.439654469 -0.305067509 0.260161161 0.288176030 -0.373724878 -0.220410824 0.853641212
1305031950.404939 1.443656445 -0.316220611 0.258995026 0.303215235 -0.377235770 -0.213707522 0.848576903
1305031950.436983 1.434977531 -0.316947609 0.262695640 0.318843007 -0.380991191 -0.209424496 0.842215061
1305031950.468976 1.437894464 -0.314663649 0.277903646 0.332677841 -0.388642132 -0.202946797 0.834922314
1305031950.504938 1.430521607 -0.309936732 0.271307588 0.343487114 -0.390024513 -0.200260162 0.830537975
1305031950.536894 1.441173673 -0.296903282 0.282788217 0.351060927 -0.392068893 -0.196483746 0.827304304
1305031950.568883 1.454151273 -0.312890708 0.299902767 0.352886379 -0.395330518 -0.194562569 0.825427353
1305031950.604862 1.455219746 -0.297655970 0.318041056 0.354321212 -0.394309402 -0.189143062 0.826560020
1305031950.637006 1.455153108 -0.285996705 0.327901781 0.350655228 -0.392068803 -0.184060559 0.830328047
1305031950.668910 1.452649474 -0.274941564 0.335087925 0.343634963 -0.389597654 -0.183290288 0.834585726
1305031950.704873 1.442875624 -0.254607320 0.348705620 0.336471736 -0.388346106 -0.183891088 0.837948799
1305031950.736893 1.442533255 -0.249010563 0.351747513 0.323377907 -0.389207214 -0.187512845 0.841892779
1305031950.768897 1.447459221 -0.278006136 0.354350984 0.302940756 -0.391305864 -0.199005172 0.845874488
1305031950.804899 1.446149111 -0.257311702 0.363495648 0.290992051 -0.388908505 -0.208906159 0.848782659
1305031950.837135 1.446198225 -0.245723233 0.378833801 0.277082801 -0.387142330 -0.216635153 0.852299869
1305031950.869014 1.443916321 -0.270564735 0.375241011 0.253367573 -0.386575699 -0.224580273 0.857862353
1305031950.904883 1.449013829 -0.266341567 0.381667137 0.237877876 -0.386072695 -0.229577705 0.861194551
1305031950.936970 1.451775432 -0.263013184 0.386907190 0.222051442 -0.384704411 -0.234985828 0.864567697
1305031950.968904 1.453506947 -0.276222885 0.384894252 0.204846770 -0.384012729 -0.244918615 0.866364181
1305031951.004836 1.459420323 -0.287333697 0.380230129 0.190499768 -0.384194344 -0.252442658 0.867396832
1305031951.036930 1.469814301 -0.296898663 0.378171235 0.182250708 -0.385118395 -0.259579182 0.866652846
1305031951.069013 1.480122805 -0.292760551 0.388015240 0.176702350 -0.386104107 -0.266511291 0.865258098
1305031951.104800 1.488168836 -0.291530877 0.395136476 0.168272212 -0.385699362 -0.273978323 0.864786863
1305031951.136893 1.495130181 -0.288582295 0.399112195 0.160473734 -0.386563480 -0.281569272 0.863444030
1305031951.168908 1.507978439 -0.279256970 0.409088433 0.154658601 -0.390082300 -0.288633794 0.860585272
1305031951.204914 1.523817420 -0.269879162 0.410321057 0.145343974 -0.392165393 -0.300875127 0.857062221
1305031951.236957 1.535321712 -0.269286931 0.415541559 0.132273108 -0.394152641 -0.317484438 0.852262437
1305031951.268906 1.547448158 -0.286544353 0.425013512 0.118336499 -0.398015261 -0.335915387 0.845423698
1305031951.304862 1.558656454 -0.284974396 0.425329000 0.114619806 -0.396698296 -0.351328790 0.840274274
1305031951.336937 1.579771042 -0.282501101 0.440419674 0.111391872 -0.399792880 -0.366046071 0.832927227
1305031951.368840 1.591336608 -0.285599262 0.446743637 0.103981979 -0.397151560 -0.381710172 0.828103721
1305031951.404865 1.604967952 -0.292417794 0.457441360 0.098061509 -0.397386640 -0.395397246 0.822270513
1305031951.436903 1.622133851 -0.296995848 0.470795780 0.092318475 -0.395516366 -0.405807942 0.818757594
1305031951.468857 1.637439370 -0.302804083 0.480070949 0.085716404 -0.391768724 -0.413263530 0.817547083
1305031951.504916 1.654318333 -0.305297166 0.498149216 0.078133687 -0.390621811 -0.415484339 0.817730129
1305031951.536888 1.665276885 -0.312996805 0.508749962 0.068362519 -0.384742528 -0.418586791 0.819807827
1305031951.569006 1.679616094 -0.321886420 0.522339404 0.058840044 -0.380940348 -0.417092055 0.823077500
1305031951.604927 1.688558221 -0.332589895 0.529436648 0.049632777 -0.374916464 -0.420004785 0.824966788
1305031951.636936 1.702816725 -0.338373154 0.545425653 0.043899979 -0.372287959 -0.421346039 0.825797796
1305031951.668929 1.715772390 -0.347468853 0.566231489 0.037373379 -0.368315637 -0.424440235 0.826315522
1305031951.704880 1.723216176 -0.340783775 0.587794721 0.034270510 -0.362947166 -0.423592716 0.829255164
1305031951.736828 1.730210304 -0.345038146 0.602451980 0.024629464 -0.355712265 -0.424987882 0.832014143
1305031951.768926 1.734393358 -0.352636993 0.619777739 0.012309974 -0.349080950 -0.426084578 0.834531546
1305031951.804886 1.746879220 -0.362088323 0.640801430 0.004215728 -0.347169220 -0.424408704 0.836261332
1305031951.836932 1.751360059 -0.368901461 0.656619668 -0.002768700 -0.338693023 -0.426505864 0.838672817
1305031951.868913 1.754964113 -0.373579711 0.671927154 -0.011597865 -0.329154670 -0.426192552 0.842545331
1305031951.904907 1.758194327 -0.384544909 0.685445189 -0.021219501 -0.321512610 -0.426262587 0.845268965
1305031951.936962 1.763174415 -0.391087174 0.697849989 -0.026898216 -0.314349383 -0.425568044 0.848146677
1305031951.968839 1.769754291 -0.397298396 0.715426624 -0.032722440 -0.313965440 -0.422136605 0.849797368
1305031952.004839 1.772968292 -0.402742386 0.731648207 -0.039445892 -0.316294521 -0.419558883 0.849924803
1305031952.037104 1.773590684 -0.409024209 0.746883452 -0.043866608 -0.320338935 -0.420550913 0.847700179
1305031952.068888 1.780442953 -0.416593015 0.763092518 -0.042161006 -0.329386771 -0.421190768 0.843993545
1305031952.105135 1.766207457 -0.430820525 0.762943864 -0.046135686 -0.327062726 -0.427358270 0.841585577
1305031952.136943 1.769391060 -0.436825752 0.775514424 -0.041190546 -0.339505851 -0.429954261 0.835570693
1305031952.168932 1.769101262 -0.442450672 0.783853173 -0.041507948 -0.351528883 -0.435613900 0.827614069
1305031952.204914 1.766628981 -0.453021199 0.792552829 -0.042627033 -0.363340199 -0.447298497 0.816143870
1305031952.236877 1.765395641 -0.462581426 0.804037869 -0.037931107 -0.378289759 -0.460470915 0.802137554
1305031952.268902 1.767214060 -0.471901864 0.811781168 -0.034333166 -0.390998900 -0.470191568 0.790481448
1305031952.304888 1.761325717 -0.483421773 0.818914592 -0.034989357 -0.398344874 -0.482133329 0.779515564
1305031952.336993 1.759343505 -0.497672319 0.825679123 -0.028787317 -0.405194551 -0.491190314 0.770532787
1305031952.368960 1.756911397 -0.512285411 0.831172109 -0.024777589 -0.407510579 -0.496460170 0.766060352
1305031952.404918 1.753387570 -0.525006652 0.837933779 -0.024772029 -0.406597584 -0.496930033 0.766241014
1305031952.437054 1.749446034 -0.535306454 0.847600937 -0.024853669 -0.407241613 -0.492755711 0.768588543
1305031952.468939 1.745880008 -0.542718470 0.855473697 -0.023264851 -0.407596320 -0.489132345 0.770761669
1305031952.504868 1.742281437 -0.553164482 0.862263918 -0.022040052 -0.408450633 -0.487249583 0.771537542
1305031952.536948 1.738486767 -0.561202884 0.869324028 -0.019413915 -0.408773690 -0.485281348 0.772676647
1305031952.568932 1.733416915 -0.569055080 0.876416445 -0.014603282 -0.410854101 -0.481951892 0.773762286
1305031952.604926 1.731326342 -0.577060461 0.882194579 -0.010371825 -0.414402276 -0.478524864 0.774065316
1305031952.636992 1.727607250 -0.581588387 0.888027966 -0.005797444 -0.418406159 -0.474549562 0.774406493
1305031952.668899 1.722092271 -0.586983979 0.891619027 -0.000124100 -0.423487067 -0.471225232 0.773695946
1305031952.704918 1.717820406 -0.588600397 0.896224678 0.006060284 -0.431482524 -0.464120328 0.773549259
1305031952.736938 1.715830207 -0.590830624 0.899497807 0.012371826 -0.441985965 -0.456611216 0.772011340
1305031952.768957 1.713063478 -0.591294646 0.898752391 0.017821144 -0.451615065 -0.453199118 0.768333793
1305031952.804919 1.706233501 -0.596298516 0.896438599 0.022714125 -0.464638233 -0.452915013 0.760567784
1305031952.836931 1.704817533 -0.598989785 0.895620704 0.029037414 -0.481203347 -0.447979182 0.752937436
1305031952.868991 1.703539848 -0.603134990 0.900221765 0.033623159 -0.499625087 -0.444609910 0.742675066
1305031952.904920 1.693768620 -0.610230088 0.898158431 0.039926909 -0.514507532 -0.444627553 0.732116282
1305031952.936984 1.702400327 -0.615986407 0.903614461 0.051573906 -0.535282195 -0.439275354 0.719618142
1305031952.972903 1.705510378 -0.619110405 0.905450344 0.053452112 -0.548245013 -0.439273298 0.709654331
1305031953.004869 1.698207974 -0.631126404 0.906259120 0.051390968 -0.559967101 -0.439729273 0.700309873
1305031953.036943 1.699527621 -0.637617111 0.907751679 0.056836795 -0.569367409 -0.438826025 0.692836225
1305031953.073127 1.700646281 -0.643321276 0.911280632 0.062038805 -0.576769531 -0.439744204 0.685647964
1305031953.104909 1.700041056 -0.649545848 0.913278162 0.064069495 -0.582964301 -0.440790176 0.679523230
1305031953.137098 1.698320985 -0.656889975 0.914909482 0.065212071 -0.588769495 -0.442261547 0.673425972
1305031953.172998 1.696151733 -0.664542258 0.915003479 0.068577081 -0.592943907 -0.444162190 0.668157697
1305031953.204992 1.696964145 -0.669588089 0.914457262 0.074918352 -0.597209692 -0.446859330 0.661849380
1305031953.237103 1.696579814 -0.675442636 0.913673520 0.079604983 -0.602372169 -0.449679375 0.654674947
1305031953.273087 1.695490479 -0.679161370 0.912140012 0.084132634 -0.608215690 -0.452743441 0.646543682
1305031953.304968 1.693406463 -0.685140431 0.909995019 0.088419922 -0.613112688 -0.454920024 0.639783204
1305031953.337012 1.691936493 -0.688688636 0.906019211 0.092748038 -0.617353022 -0.455154836 0.634907126
1305031953.372964 1.692236423 -0.693279803 0.900801182 0.095672950 -0.622918487 -0.454632014 0.629387677
1305031953.404920 1.693872094 -0.692648172 0.895723701 0.098318234 -0.629304826 -0.452573597 0.624088228
1305031953.436876 1.697393894 -0.688679039 0.892802596 0.098989300 -0.635804057 -0.450704932 0.618723869
1305031953.473261 1.697246909 -0.695142150 0.886739552 0.092969991 -0.639732301 -0.451274931 0.615182996
1305031953.504919 1.699330211 -0.693822026 0.879113376 0.089759871 -0.643179417 -0.448858142 0.613831997
1305031953.536948 1.706659913 -0.690557361 0.875963569 0.085928336 -0.646909475 -0.447064757 0.611765921
1305031953.572862 1.707853794 -0.689908862 0.871348739 0.080993630 -0.647242188 -0.449771941 0.610100627
1305031953.604882 1.712484956 -0.688203096 0.868169427 0.078064904 -0.646560073 -0.451751202 0.609743237
1305031953.636962 1.719174981 -0.682314873 0.865049362 0.071009181 -0.643739760 -0.453677922 0.612154484
1305031953.673021 1.717643380 -0.686605334 0.859346867 0.060200512 -0.640386224 -0.453735560 0.616770148
1305031953.704929 1.722013354 -0.684076786 0.854397595 0.054978173 -0.636664927 -0.450910896 0.623148918
1305031953.736982 1.729542971 -0.677943289 0.853590965 0.049639966 -0.633458018 -0.450322300 0.627277195
1305031953.772886 1.730072856 -0.677102149 0.846826017 0.041478399 -0.628522933 -0.450520307 0.632668853
1305031953.804859 1.735626817 -0.673043251 0.846532404 0.034400377 -0.625274241 -0.444948375 0.640210569
1305031953.836840 1.738315940 -0.669331312 0.847249269 0.024441801 -0.618067205 -0.442755014 0.649125159
1305031953.872987 1.740480781 -0.663792372 0.847603500 0.018041942 -0.609972239 -0.438189954 0.659998357
1305031953.904912 1.746270180 -0.660392463 0.846930265 0.013322051 -0.600138962 -0.433564216 0.672069788
1305031953.936924 1.748512268 -0.659066617 0.845161021 0.008282616 -0.586413145 -0.434849471 0.683342457
1305031953.972857 1.752861142 -0.662362993 0.837405622 0.007391208 -0.571379781 -0.435860276 0.695339024
1305031954.004852 1.757610798 -0.658959985 0.839311957 0.011743291 -0.558702111 -0.434467822 0.706365168
1305031954.036921 1.763205290 -0.658320844 0.834474802 0.013759571 -0.542844057 -0.438621014 0.716060460
1305031954.072918 1.761291623 -0.650799811 0.822789252 0.016696336 -0.525547445 -0.442914516 0.726187229
1305031954.104933 1.763554454 -0.649306595 0.817558169 0.019825298 -0.512777627 -0.444188923 0.734412909
1305031954.136939 1.767691612 -0.650689423 0.804931939 0.023169495 -0.497494012 -0.446079224 0.743623734
1305031954.172997 1.769046664 -0.643651247 0.799848199 0.028209461 -0.486121595 -0.445105135 0.751512766
1305031954.204838 1.768647552 -0.646583200 0.786645353 0.030546887 -0.474692941 -0.445036799 0.758732975
1305031954.237023 1.767436147 -0.641248047 0.772552788 0.037561901 -0.464800209 -0.443502665 0.765411794
1305031954.272870 1.767558694 -0.637454152 0.755788982 0.044629004 -0.457703322 -0.441308886 0.770559788
1305031954.304869 1.775689125 -0.630311489 0.746850073 0.051829524 -0.455020040 -0.435229599 0.775142372
1305031954.336921 1.779541850 -0.624343634 0.733620107 0.054010265 -0.449682206 -0.432156891 0.779813588
1305031954.372872 1.781346917 -0.617554545 0.718880177 0.055204585 -0.444432378 -0.430729389 0.783520579
1305031954.404711 1.780255198 -0.612397075 0.702933967 0.057799611 -0.439648688 -0.432725668 0.784931004
1305031954.436896 1.786617041 -0.604956031 0.692712128 0.062333100 -0.436299980 -0.432365745 0.786649108
1305031954.472974 1.790256977 -0.594590485 0.679577708 0.062362358 -0.429788649 -0.430320263 0.791338801
1305031954.504827 1.790250301 -0.588415980 0.666653216 0.058494538 -0.423962027 -0.426645875 0.796748281
1305031954.536934 1.793528318 -0.581083119 0.652315855 0.057301786 -0.417755902 -0.423893690 0.801567614
1305031954.572946 1.795186639 -0.571545243 0.639001191 0.052744042 -0.408522546 -0.419181854 0.809082210
1305031954.604885 1.783799291 -0.566105366 0.618929386 0.047798153 -0.399417341 -0.413231581 0.816958249
1305031954.636862 1.779814005 -0.565269053 0.601631403 0.051097829 -0.396694720 -0.407684475 0.820862770
1305031954.672891 1.785170555 -0.549091756 0.588468075 0.061496016 -0.396562278 -0.401012182 0.823496103
1305031954.704892 1.787817478 -0.537692904 0.577618837 0.064996049 -0.398733944 -0.398201197 0.823542714
1305031954.736939 1.785309196 -0.530158341 0.564780593 0.066161677 -0.397981346 -0.398818105 0.823515356
1305031954.773183 1.780657291 -0.519749105 0.550843239 0.070096269 -0.397820324 -0.399579823 0.822898209
1305031954.804833 1.780372620 -0.511979520 0.540355265 0.073032536 -0.398251742 -0.398693025 0.822864294
1305031954.836924 1.779268026 -0.503489196 0.530306339 0.074080668 -0.395719439 -0.397625983 0.824506998
1305031954.873001 1.777421832 -0.499666512 0.521417439 0.075924695 -0.393844485 -0.395985126 0.826025248
1305031954.904866 1.780997157 -0.489042848 0.513238609 0.078177348 -0.388781279 -0.391409814 0.830382943
1305031954.937022 1.775648117 -0.481630147 0.504164577 0.076332144 -0.383058697 -0.388077378 0.834766686
1305031954.972931 1.779062033 -0.477843106 0.497925133 0.077318892 -0.380889297 -0.386848003 0.836237848
1305031955.004936 1.779205799 -0.472053647 0.493955672 0.077445723 -0.376110822 -0.386050969 0.838753521
1305031955.036969 1.777500629 -0.462395906 0.487289935 0.078445807 -0.371140689 -0.385670781 0.841046274
1305031955.073048 1.781083822 -0.453208059 0.484933078 0.078524359 -0.367340565 -0.385719299 0.842683494
1305031955.104929 1.777257681 -0.444115490 0.479849547 0.074809678 -0.361410767 -0.386008412 0.845448554
1305031955.136878 1.776183963 -0.434723824 0.477366239 0.072268784 -0.358550519 -0.387302011 0.846295357
1305031955.173003 1.776773453 -0.426795453 0.475123346 0.068203375 -0.355156928 -0.389169425 0.847206593
1305031955.204960 1.771910191 -0.419284761 0.473176748 0.062526181 -0.352009207 -0.391007125 0.848111689
1305031955.236857 1.772484541 -0.415027201 0.469966650 0.059757173 -0.350298971 -0.395448387 0.846959412
1305031955.272905 1.772473216 -0.408612639 0.470423520 0.057687107 -0.347491503 -0.398314267 0.846916556
1305031955.304880 1.768694639 -0.405441374 0.469871968 0.053188410 -0.344418526 -0.399158955 0.848067820
1305031955.337035 1.767473936 -0.401061684 0.471078753 0.051755253 -0.342300028 -0.398862660 0.849152923
1305031955.372861 1.766843081 -0.400026560 0.470799476 0.047477223 -0.338867217 -0.397320747 0.851499379
1305031955.404928 1.765038610 -0.397543252 0.470635206 0.044657916 -0.335574865 -0.393898189 0.854540467
1305031955.436909 1.763765335 -0.397360057 0.470323384 0.041372653 -0.332083851 -0.391642302 0.857102633
1305031955.472931 1.758956075 -0.393569201 0.470274925 0.040140387 -0.328941703 -0.390259683 0.859001458
1305031955.504893 1.761058331 -0.391905040 0.471503794 0.039273687 -0.328487754 -0.389299512 0.859650671
1305031955.536891 1.758342147 -0.391828835 0.469355434 0.036159333 -0.326214552 -0.388332665 0.861089051
1305031955.572893 1.756558180 -0.393883497 0.468282908 0.035576418 -0.326339245 -0.387876749 0.861271501
1305031955.604944 1.757524371 -0.392372668 0.468961805 0.036910895 -0.326180756 -0.387327522 0.861522555
1305031955.636881 1.757646561 -0.389859915 0.467733353 0.037109796 -0.325589359 -0.384774119 0.862880826
1305031955.672837 1.758671403 -0.390834063 0.468106002 0.035964161 -0.326688707 -0.384150118 0.862791836
1305031955.704890 1.757871151 -0.392980665 0.467542261 0.034945525 -0.326357245 -0.383575618 0.863214612
1305031955.736903 1.759512544 -0.394492716 0.467712164 0.034771290 -0.327072620 -0.381497294 0.863871694
1305031955.772963 1.759430289 -0.394482940 0.467881829 0.034914251 -0.327200532 -0.379967481 0.864491463
1305031955.804902 1.759735465 -0.395452797 0.466815442 0.034792010 -0.327030480 -0.377876401 0.865476727
1305031955.837019 1.761460662 -0.394925714 0.466566056 0.035410903 -0.327282816 -0.376201659 0.866085649
1305031955.872917 1.760661364 -0.396501660 0.464825213 0.035286877 -0.327311158 -0.374996424 0.866602540
1305031955.904911 1.764196873 -0.395708859 0.465552419 0.035406254 -0.328103721 -0.372686386 0.867294192
1305031955.937291 1.762341976 -0.395119131 0.465114594 0.034568071 -0.327887952 -0.372034431 0.867689371
1305031955.973194 1.762800932 -0.397914320 0.463764399 0.034027040 -0.329310030 -0.371577203 0.867368102
1305031956.004870 1.765674472 -0.399582475 0.464330882 0.034817636 -0.330066800 -0.370482147 0.867517471
1305031956.036937 1.764959574 -0.399787992 0.463120282 0.035818357 -0.328559041 -0.369808078 0.868336320
1305031956.073037 1.765488029 -0.400564432 0.462390840 0.036580451 -0.329049289 -0.367819548 0.868963301
1305031956.104901 1.768687487 -0.400420517 0.463369697 0.038420726 -0.329627484 -0.365667522 0.869572759
